i,armour,attack,character,effect,health,mana,name,rarity,type
0,0,6,Hunter,Deathrattle: Summon a random friendly Beast that died this game.,7,7,Abominable Bowman,Epic,Minion
1,0,4,Neutral,Taunt. Deathrattle: Deal 2 damage to ALL characters.,4,5,Abomination,Rare,Minion
2,0,1,Neutral,Battlecry: Give a minion +2 Attack this turn.,1,1,Abusive Sergeant,Common,Minion
3,0,2,Neutral,Battlecry: Give a friendly minion +1 Attack.,1,1,Acherus Veteran,Common,Minion
4,0,3,Neutral,Battlecry: Destroy your opponent's weapon.,2,2,Acidic Swamp Ooze,Free,Minion
5,0,3,Priest,Lifesteal,3,3,Acolyte of Agony,Common,Minion
6,0,1,Neutral,"Whenever this minion takes damage, draw a card.",3,3,Acolyte of Pain,Common,Minion
7,0,0,Paladin,Adapt a friendly minion.,0,1,Adaptation,Common,Spell
8,0,2,Shaman,Can't be targeted by spells or Hero Powers.,1,1,Air Elemental,Common,Minion
9,0,3,Shaman,"Windfury, Charge, Divine Shield, Taunt",5,8,Al'Akir the Windlord,Legendary,Minion
10,0,0,Neutral,"At the start of your turn, swap this minion with a random one in your hand.",3,3,Alarm-o-Bot,Rare,Minion
11,0,3,Paladin,Battlecry: Change an enemy minion's Attack to 1.,3,3,Aldor Peacekeeper,Rare,Minion
12,0,8,Neutral,Battlecry: Set a hero's remaining Health to 15.,8,9,Alexstrasza,Legendary,Minion
13,3,0,Mage,"At the end of your turn, draw 3 cards.",0,6,Aluneth,Legendary,Weapon
14,0,2,Neutral,Enrage: +3 Attack,3,2,Amani Berserker,Common,Minion
15,0,0,Shaman,Restore a minion to full Health and give it Taunt.,0,0,Ancestral Healing,Free,Spell
16,0,0,Shaman,"Choose a minion. When that minion is destroyed, return it to the battlefield.",0,2,Ancestral Spirit,Rare,Spell
17,0,5,Neutral,Battlecry: Return a friendly minion from the battlefield to your hand.,4,4,Ancient Brewmaster,Common,Minion
18,0,2,Neutral,Battlecry: Give adjacent minions Spell Damage +1.,5,4,Ancient Mage,Rare,Minion
19,0,5,Druid,Choose One - Draw a card; or Restore 5 Health.,5,7,Ancient of Lore,Epic,Minion
20,0,5,Druid,Choose One - +5 Attack; or +5 Health and Taunt.,5,7,Ancient of War,Epic,Minion
21,0,4,Neutral,Can't Attack.,5,2,Ancient Watcher,Rare,Minion
22,0,1,Neutral,Enrage: +5 Attack.,1,1,Angry Chicken,Rare,Minion
23,0,0,Hunter,Summon a random Beast Companion.,0,3,Animal Companion,Free,Spell
24,0,1,Warrior,"After you play a minion, deal 1 damage to it.",3,1,Animated Berserker,Common,Minion
25,0,3,Warrior,Battlecry: Equip a 2/2 weapon.,3,4,Arathi Weaponsmith,Common,Minion
26,0,1,Mage,"Whenever you cast a spell, gain Armor equal to its Cost.",2,1,Arcane Artificer,Common,Minion
27,0,0,Mage,Deal 1 damage to all enemy minions.,0,2,Arcane Explosion,Free,Spell
28,0,4,Neutral,Battlecry: Give your opponent a Mana Crystal.,4,3,Arcane Golem,Rare,Minion
29,0,0,Mage,Draw 2 cards.,0,3,Arcane Intellect,Free,Spell
30,0,2,Mage,Battlecry: Discover a Secret and put it into the battlefield.,2,4,Arcane Keysmith,Epic,Minion
31,0,0,Mage,Deal 3 damage randomly split among enemy characters.,0,1,Arcane Missiles,Free,Spell
32,0,0,Hunter,Deal 2 damage.,0,1,Arcane Shot,Free,Spell
33,0,4,Neutral,Costs (0) if you've cast a spell that costs (5) or more this turn.,4,5,Arcane Tyrant,Epic,Minion
34,2,5,Warrior,,0,5,Arcanite Reaper,Free,Weapon
35,0,2,Mage,Battlecry: Draw a Secret from your deck.,3,2,Arcanologist,Common,Minion
36,0,4,Priest,Battlecry: Shuffle a copy of your opponent's deck into your deck.,6,7,Archbishop Benedictus,Legendary,Minion
37,0,4,Neutral,Spell Damage +1,7,6,Archmage,Free,Minion
38,0,5,Mage,"Whenever you cast a spell, put a 'Fireball' spell into your hand.",7,7,Archmage Antonidas,Legendary,Minion
39,0,2,Mage,"Whenever you draw a minion, add a copy of it to your hand.",2,2,Archmage Arugal,Legendary,Minion
40,0,2,Neutral,Deathrattle: Add a random Death Knight card to your hand.,2,4,Arfus,Legendary,Minion
41,0,4,Neutral,"Charge, Divine Shield",2,6,Argent Commander,Rare,Minion
42,0,2,Paladin,Battlecry: Give a friendly minion Divine Shield.,2,2,Argent Protector,Common,Minion
43,0,1,Neutral,Divine Shield,1,1,Argent Squire,Common,Minion
44,0,1,Warrior,"Whenever a friendly minion takes damage, gain 1 Armor.",4,2,Armorsmith,Rare,Minion
45,0,5,Paladin,"Deathrattle: If it's your opponent's turn, summon a 2/2 Ghoul.",2,4,Arrogant Crusader,Rare,Minion
46,0,0,Rogue,Destroy an enemy minion.,0,5,Assassinate,Free,Spell
47,4,3,Rogue,,0,5,Assassin's Blade,Free,Weapon
48,0,3,Druid,Deathrattle: Shuffle a copy of this minion into your deck.,5,4,Astral Tiger,Epic,Minion
49,0,3,Priest,Your cards and powers that restore Health now deal damage instead.,5,4,Auchenai Soulpriest,Rare,Minion
50,0,0,Shaman,Freeze a minion and deal 3 damage to adjacent ones.,0,4,Avalanche,Rare,Spell
51,0,0,Paladin,Deal 8 damage randomly split among enemy characters.,0,6,Avenging Wrath,Epic,Spell
52,0,0,Priest,"Quest: Summon 7 Deathrattle minions.

Reward: Amara, Warden of Hope.",0,1,Awaken the Makers,Legendary,Spell
53,0,3,Neutral,Battlecry: Replace your hand with a copy of your opponent's.,3,7,Azalina Soulthief,Legendary,Minion
54,0,0,Rogue,Deal 2 damage to an undamaged minion.,0,0,Backstab,Free,Spell
55,0,7,Neutral,"Start of Game: If your deck has only odd-Cost cards, upgrade your Hero Power.",8,9,Baku the Mooneater,Legendary,Minion
56,0,2,Neutral,Battlecry: Choose a friendly minion. Shuffle a copy of it into your deck.,2,2,Baleful Banker,Epic,Minion
57,0,0,Warlock,"Deal 2 damage to a character. If that kills it, summon a random Demon.",0,5,Bane of Doom,Epic,Spell
58,0,0,Druid,Give a minion +3 Health. Gain 3 Armor.,0,1,Barkskin,Common,Spell
59,0,7,Neutral,"At the end of your turn, deal 2 damage to ALL other characters.",5,7,Baron Geddon,Legendary,Minion
60,0,0,Warrior,Draw a card for each damaged friendly character.,0,2,Battle Rage,Common,Spell
61,0,4,Hunter,Can't be targeted by spells or Hero Powers.,3,3,Bearshark,Common,Minion
62,0,3,Paladin,Battlecry and Deathrattle: Put a Secret from your deck into the battlefield.,4,4,Bellringer Sentry,Rare,Minion
63,0,2,Paladin,"At the end of your turn, restore 3 Health to your hero.",4,3,Benevolent Djinn,Common,Minion
64,0,0,Hunter,Give a Beast +2 Attack and Immune this turn.,0,1,Bestial Wrath,Epic,Spell
65,0,0,Rogue,Force an enemy minion to deal its damage to the minions next to it.,0,2,Betrayal,Common,Spell
66,0,4,Druid,"Taunt

Battlecry: Gain +1 Health for each card in your hand.",1,5,Bewitched Guardian,Rare,Minion
67,0,4,Neutral,Battlecry: Destroy a minion with an Attack of 7 or more.,2,5,Big Game Hunter,Epic,Minion
68,0,0,Priest,Restore 5 Health to a minion and your hero.,0,1,Binding Heal,Common,Spell
69,0,0,Druid,Give your hero +4 Attack this turn and 4 Armor.,0,4,Bite,Rare,Spell
70,0,1,Rogue,Combo: Gain +1/+1 for each other card you've played this turn.,1,2,Biteweed,Epic,Minion
71,0,8,Neutral,"Whenever this minion takes damage, deal 3 damage to your hero.",8,5,Bittertide Hydra,Epic,Minion
72,0,3,Mage,"Spell Damage +1

Battlecry: If your deck has only odd-Cost cards, draw a card.",3,3,Black Cat,Common,Minion
73,0,3,Paladin,"Whenever your hero is healed, deal that much damage to a random enemy minion.",9,6,Blackguard,Epic,Minion
74,0,3,Warrior,"Can't Attack. Whenever this takes damage, deal 3 damage to a random enemy.",8,7,Blackhowl Gunspire,Legendary,Minion
75,0,3,Neutral,Battlecry: Refresh your Hero Power.,4,3,Blackwald Pixie,Common,Minion
76,0,0,Rogue,Destroy your weapon and deal its damage to all enemies.,0,4,Blade Flurry,Rare,Spell
77,2,0,Warrior,Has Attack equal to your Armor. Can't attack heroes.,0,2,Bladed Gauntlet,Epic,Weapon
78,0,6,Neutral,"Battlecry: If you played an Elemental last turn, deal 5 damage.",6,7,Blazecaller,Epic,Minion
79,0,0,Shaman,Discover a Battlecry minion.,0,1,Blazing Invocation,Rare,Spell
80,0,0,Paladin,Double a minion's Attack.,0,5,Blessed Champion,Rare,Spell
81,0,0,Paladin,Give a minion +4/+4. (+4 Attack/+4 Health),0,4,Blessing of Kings,Free,Spell
82,0,0,Paladin,Give a minion +3 Attack.,0,1,Blessing of Might,Free,Spell
83,0,0,Paladin,"Choose a minion. Whenever it attacks, draw a card.",0,1,Blessing of Wisdom,Common,Spell
84,0,3,Rogue,Battlecry: Add a random card to your hand (from your opponent's class).,3,3,Blink Fox,Common,Minion
85,0,0,Mage,Deal 2 damage to all enemy minions and Freeze them.,0,6,Blizzard,Rare,Spell
86,0,0,Warlock,"Stealth. At the end of your turn, give another random friendly minion +1 Health.",1,1,Blood Imp,Common,Minion
87,0,3,Neutral,Battlecry: All minions lose Divine Shield. Gain +3/+3 for each Shield lost.,3,3,Blood Knight,Epic,Minion
88,0,1,Warlock,"Lifesteal

Has +1 Attack for each card you've discarded this game.",6,5,Blood-Queen Lana'thel,Legendary,Minion
89,2,2,Warrior,Battlecry and Deathrattle: Deal 1 damage to all minions.,0,4,Blood Razor,Common,Weapon
90,0,3,Warlock,"At the start of your turn, deal 1 damage to your hero.",6,4,Blood Witch,Rare,Minion
91,0,0,Warlock,Your next spell this turn costs Health instead of Mana.,0,2,Bloodbloom,Epic,Spell
92,0,3,Neutral,,2,2,Bloodfen Raptor,Free,Minion
93,0,0,Shaman,Give your minions +3 Attack this turn.,0,5,Bloodlust,Free,Spell
94,0,1,Neutral,Spell Damage +1. Deathrattle: Draw a card.,1,2,Bloodmage Thalnos,Legendary,Minion
95,0,0,Warlock,Battlecry: Summon all friendly Demons that died this game.,0,10,Bloodreaver Gul'dan,Legendary,Hero
96,0,1,Neutral,Battlecry: Remove 1 Durability from your opponent's weapon.,2,1,Bloodsail Corsair,Rare,Minion
97,0,2,Neutral,Battlecry: Gain Attack equal to the Attack of your weapon.,3,2,Bloodsail Raider,Common,Minion
98,0,4,Neutral,Lifesteal,4,5,Bloodworm,Common,Minion
99,0,2,Neutral,Charge,1,2,Bluegill Warrior,Free,Minion
100,0,4,Shaman,"Whenever you cast a spell, draw a minion from your deck.",8,7,Bogshaper,Epic,Minion
101,0,3,Neutral,Battlecry: Give your other minions +1 Health.,2,3,Boisterous Bard,Common,Minion
102,0,1,Paladin,"Divine Shield

After a friendly minion loses Divine Shield, gain +2 Attack.",7,5,"Bolvar, Fireblood",Legendary,Minion
103,0,5,Rogue,Deathrattle: Add two 1/1 Skeletons to your hand.,5,5,Bone Baron,Common,Minion
104,0,6,Neutral,Deathrattle: Add a random Dragon to your hand.,5,6,Bone Drake,Rare,Minion
105,0,5,Neutral,Battlecry: Give a friendly minion +4/+4 and Taunt.,5,8,Bonemare,Common,Minion
106,0,5,Mage,"Battlecry: If you played an Elemental last turn, draw a card.",5,5,Bonfire Elemental,Rare,Minion
107,0,0,Mage,Draw 3 cards. Discard any spells drawn.,0,2,Book of Specters,Epic,Spell
108,0,5,Neutral,Taunt,4,5,Booty Bay Bodyguard,Free,Minion
109,0,6,Neutral,,7,6,Boulderfist Ogre,Free,Minion
110,0,0,Druid,Choose Twice - Draw a card; Give your minions +1 Attack; Gain 6 Armor.,0,4,Branching Paths,Epic,Spell
111,0,0,Warrior,Destroy all minions except one. (chosen randomly),0,5,Brawl,Epic,Spell
112,0,0,Mage,Deal 2 damage to a random enemy minion and Freeze it.,0,1,Breath of Sindragosa,Common,Spell
113,0,3,Neutral,Battlecry: Draw a card. Change its Cost to (5).,4,4,Bright-Eyed Scout,Epic,Minion
114,0,0,Warrior,"Gain 10 Armor.

Reduce the Cost of minions in your opponent's hand by (2).",0,2,Bring It On!,Epic,Spell
115,0,2,Shaman,Battlecry: Freeze an enemy.,2,2,Brrrloc,Common,Minion
116,0,4,Priest,Battlecry: Take control of an enemy minion that has 2 or less Attack.,5,6,Cabal Shadow Priest,Epic,Minion
117,0,4,Neutral,Deathrattle: Summon a 4/5 Baine Bloodhoof.,5,6,Cairne Bloodhoof,Legendary,Minion
118,0,0,Paladin,Recruit 3 minions that cost (2) or less.,0,4,Call to Arms,Epic,Spell
119,3,1,Hunter,Immune while attacking.,0,1,Candleshot,Common,Weapon
120,0,5,Neutral,Battlecry: Give your weapon +1/+1.,4,5,Captain Greenskin,Legendary,Minion
121,0,4,Neutral,"Battlecry: Destroy a friendly minion.

Deathrattle: Summon 2 copies of it.",6,5,Carnivorous Cube,Epic,Minion
122,0,3,Hunter,"Battlecry: If a minion died this turn, gain Poisonous.",7,5,Carrion Drake,Rare,Minion
123,0,0,Warlock,Destroy all minions. Discard your hand.,0,4,Cataclysm,Epic,Spell
124,0,2,Paladin,"Battlecry: If you're holding a Dragon, gain Taunt and Divine Shield.",2,2,Cathedral Gargoyle,Epic,Minion
125,0,7,Neutral,Your other Elementals have +2 Attack.,7,8,Cauldron Elemental,Common,Minion
126,0,2,Hunter,Also damages the minions next to whomever this attacks.,4,3,Cave Hydra,Common,Minion
127,0,3,Rogue,Battlecry: Draw a weapon from your deck.,1,2,Cavern Shinyfinder,Common,Minion
128,0,5,Druid,Choose One - Give your other minions +2/+2; or Summon two 2/2 Treants with Taunt.,8,9,Cenarius,Legendary,Minion
129,0,1,Priest,"Each turn this is in your hand, transform it into a card your opponent is holding.",1,1,Chameleos,Legendary,Minion
130,0,0,Warrior,Give a friendly minion Charge. It can't attack heroes this turn.,0,1,Charge,Free,Spell
131,0,7,Neutral,"Charge

Battlecry: Can't attack heroes this turn.",7,8,Charged Devilsaur,Epic,Minion
132,0,0,Rogue,"Echo

Deal 2 damage to a minion.",0,2,Cheap Shot,Common,Spell
133,0,0,Rogue,"Secret: When a friendly minion dies, return it to your hand. It costs (2) less.",0,2,Cheat Death,Common,Spell
134,0,4,Neutral,Battlecry: Destroy all enemy Secrets.,6,5,Chief Inspector,Rare,Minion
135,0,3,Paladin,"Charge

Lifesteal",2,4,Chillblade Champion,Common,Minion
136,0,4,Neutral,,5,4,Chillwind Yeti,Free,Minion
137,0,3,Warlock,Battlecry: Discover a spell. Deal damage to your hero equal to its Cost.,3,3,Chittering Tunneler,Epic,Minion
138,0,0,Mage,Deal 5 damage randomly split among all enemies.,0,3,Cinderstorm,Rare,Spell
139,0,0,Priest,Restore 4 Health to ALL minions.,0,0,Circle of Healing,Common,Spell
140,0,0,Druid,Give your hero +2 Attack this turn and 2 Armor.,0,1,Claw,Free,Spell
141,0,0,Warrior,Deal 2 damage to two random enemy minions.,0,2,Cleave,Free,Spell
142,0,4,Neutral,Double the damage and healing of your Hero Power.,4,5,Clockwork Automaton,Common,Minion
143,0,2,Warlock,"Whenever you discard this, give it +2/+2 and return it to your hand.",2,2,Clutchmother Zavas,Legendary,Minion
144,0,5,Neutral,"At the end of your turn, give another random friendly minion +3 Attack.",5,5,Cobalt Scalebane,Common,Minion
145,0,6,Priest,Deathrattle: Summon a Deathrattle minion from your hand.,5,6,Coffin Crasher,Rare,Minion
146,0,0,Rogue,Give a minion +2 Attack. Combo: +4 Attack instead.,0,1,Cold Blood,Common,Spell
147,0,2,Neutral,Battlecry: Give your other Murlocs +2 Health.,3,3,Coldlight Seer,Rare,Minion
148,0,3,Mage,"Battlecry: If an enemy is Frozen, draw a card.",4,3,Coldwraith,Common,Minion
149,0,0,Warrior,Your minions can't be reduced below 1 Health this turn. Draw a card.,0,2,Commanding Shout,Rare,Spell
150,0,0,Mage,"Freeze a minion and the minions next to it, and deal 1 damage to them.",0,4,Cone of Cold,Common,Spell
151,0,0,Paladin,Deal 2 damage to all enemies.,0,4,Consecration,Free,Spell
152,0,9,Neutral,,5,7,Core Hound,Free,Minion
153,0,2,Warrior,Taunt. Battlecry: Summon three 1/1 Raptors for your opponent.,6,2,Cornered Sentry,Rare,Minion
154,0,3,Neutral,"Battlecry: Give a friendly minion ""Deathrattle: Resummon this minon.""",3,5,Corpse Raiser,Rare,Minion
155,0,4,Hunter,Your Deathrattle cards cost (2) less.,6,5,Corpse Widow,Rare,Minion
156,0,3,Neutral,"Battlecry: Gain Taunt if your deck has a Taunt minion.

Repeat for Divine Shield, Lifesteal, Windfury.",3,4,Corpsetaker,Epic,Minion
157,0,2,Neutral,Costs (1) less whenever a minion dies while this is in your hand.,5,7,Corridor Creeper,Epic,Minion
158,0,5,Neutral,Battlecry: Destroy your opponent's weapon.,5,5,Corrosive Sludge,Common,Minion
159,0,0,Warlock,Corrupt every minion. Destroy them at the start of your next turn.,0,2,Corrupting Mist,Rare,Spell
160,0,0,Warlock,"Choose an enemy minion. At the start of your turn, destroy it.",0,1,Corruption,Free,Spell
161,0,0,Mage,"Secret: When your opponent casts a spell, Counter it.",0,3,Counterspell,Rare,Spell
162,0,6,Neutral,"Battlecry: Draw Rush, Lifesteal and Deathrattle card from your deck.",6,7,Countess Ashmore,Legendary,Minion
163,0,3,Hunter,Battlecry: Adapt a friendly Beast.,2,2,Crackling Razormaw,Common,Minion
164,0,2,Neutral,Battlecry: Swap the Attack and Health of a minion.,2,2,Crazed Alchemist,Rare,Minion
165,0,5,Warlock,Deathrattle: Summon a random minion you discarded this game.,5,6,Cruel Dinomancer,Rare,Minion
166,0,2,Warrior,Battlecry: Deal 1 damage to a minion and give it +2 Attack.,2,2,Cruel Taskmaster,Common,Minion
167,0,0,Shaman,Deal 8 damage to a minion. Overload: (3),0,2,Crushing Hand,Common,Spell
168,0,0,Hunter,Destroy your opponent's left and right-most minions.,0,7,Crushing Walls,Epic,Spell
169,0,0,Shaman,Give a minion +3/+3 and Freeze it.,0,2,Cryostasis,Epic,Spell
170,0,1,Druid,"Taunt

After you summon a minion, gain +1 Health.",6,3,Crypt Lord,Common,Minion
171,0,5,Paladin,"Divine Shield

Costs (1) less for each Silver Hand Recruit you control.",5,6,Crystal Lion,Rare,Minion
172,0,1,Priest,Deathrattle: Copy a card from your opponent's deck and add it to your hand.,1,1,Crystalline Oracle,Rare,Minion
173,0,4,Neutral,"Whenever one of your other minions dies, draw a card.",2,4,Cult Master,Common,Minion
174,0,4,Mage,"Whenever you draw a card, gain +1/+1.",4,5,Curio Collector,Rare,Minion
175,0,3,Priest,Battlecry: Look at 3 cards. Guess which one started in your opponent's deck to get a copy of it.,3,3,Curious Glimmerroot,Epic,Minion
176,0,0,Warlock,"Echo

Give all enemy minions -2 Attack until your next turn.",0,2,Curse of Weakness,Rare,Spell
177,0,5,Rogue,"Rush

Deathrattle: Draw a Combo card from your deck.",3,6,Cursed Castaway,Rare,Minion
178,0,5,Neutral,Deathrattle: Summon a 5/1 Revenant.,1,4,Cursed Disciple,Common,Minion
179,0,2,Rogue,Combo: Give your weapon +1 Attack.,4,3,Cutthroat Buccaneer,Common,Minion
180,0,1,Neutral,Spell Damage +1,4,3,Dalaran Mage,Free,Minion
181,0,4,Warrior,"Rush

After this attacks and kills a minion, gain +2/+2.",4,5,Darius Crowley,Legendary,Minion
182,0,0,Paladin,Set a minion's Attack and Health to 3.,0,2,Dark Conviction,Common,Spell
183,0,4,Neutral,Battlecry: Give a minion +2 Attack this turn.,4,4,Dark Iron Dwarf,Common,Minion
184,0,0,Warlock,Destroy a friendly minion. Restore 8 Health to your hero.,0,1,Dark Pact,Common,Spell
185,0,2,Neutral,Spell Damage +2,8,7,Darkmire Moonkin,Common,Minion
186,0,4,Neutral,Battlecry: Restore 2 Health to all friendly characters.,5,5,Darkscale Healer,Free,Minion
187,0,0,Warrior,Shuffle a copy of your hand into your deck.,0,2,Dead Man's Hand,Epic,Spell
188,0,0,Warrior,Reveal a random weapon in your deck. Deal damage equal to its Attack to all minions.,0,6,Deadly Arsenal,Epic,Spell
189,0,0,Rogue,Give your weapon +2 Attack.,0,1,Deadly Poison,Free,Spell
190,0,0,Hunter,Destroy a random enemy minion.,0,3,Deadly Shot,Common,Spell
191,0,1,Neutral,Lifesteal,1,1,Deadscale Knight,Common,Minion
192,0,3,Warrior,Battlecry: Gain +1/+1 for each damaged minion.,3,5,Death Revenant,Rare,Minion
193,0,3,Neutral,Battlecry: Give a random Lifesteal minion in your hand +2/+2.,3,4,Deathaxe Punisher,Epic,Minion
194,0,2,Neutral,Battlecry: Give a friendly minion Immune this turn.,4,3,Deathspeaker,Common,Minion
195,0,0,Hunter,Battlecry: Deal 2 damage to all enemy minions.,0,6,Deathstalker Rexxar,Legendary,Hero
196,0,4,Warlock,"Battlecry: If your hero took damage this turn, gain Lifesteal.",6,5,Deathweb Spider,Epic,Minion
197,0,12,Neutral,Battlecry: Destroy all other minions and discard your hand.,12,10,Deathwing,Legendary,Minion
198,0,0,Mage,"Shuffle 5 Scrolls into your deck. when drawn, cast a random spell.",0,5,Deck of Wonders,Epic,Spell
199,0,2,Neutral,Battlecry: Give adjacent minions +1/+1 and Taunt.,3,4,Defender of Argus,Rare,Minion
200,0,2,Rogue,Combo: Summon a 2/1 Defias Bandit.,2,2,Defias Ringleader,Common,Minion
201,0,0,Warlock,"Deal 1 damage to all minions. If any die, cast this again.",0,2,Defile,Rare,Spell
202,0,1,Neutral,"At the start of your turn, deal 2 damage to a random enemy.",4,3,Demolisher,Rare,Minion
203,0,0,Warlock,"Deal 2 damage to a minion. If it’s a friendly Demon, give it +2/+2 instead.",0,2,Demonfire,Common,Spell
204,0,8,Neutral,Deathrattle: Restore 8 Health to your hero.,8,8,Deranged Doctor,Common,Minion
205,0,0,Paladin,"Give a minion ""Deathrattle: Return this to life with 1 Health.""",0,2,Desperate Stand,Rare,Spell
206,0,4,Warlock,"At the end of your turn, deal 1 damage to all enemy minions.",5,5,Despicable Dreadlord,Rare,Minion
207,0,0,Neutral,Deathrattle: Summon a 5/5 Devilsaur.,3,3,Devilsaur Egg,Rare,Minion
208,0,0,Priest,Copy 3 cards from your opponent's deck and add them to your hand.,0,5,Devour Mind,Rare,Spell
209,0,0,Hunter,Your Hero Power becomes 'Give a Beast +2/+2.',0,2,Dinomancy,Epic,Spell
210,0,0,Paladin,Set a minion's Attack and Health to 10.,0,8,Dinosize,Epic,Spell
211,0,0,Hunter,Give a Beast +3/+3. Shuffle 3 copies into your deck with +3/+3.,0,4,Dire Frenzy,Common,Spell
212,0,1,Neutral,,3,1,Dire Mole,Common,Minion
213,0,2,Neutral,Adjacent minions have +1 Attack.,2,2,Dire Wolf Alpha,Common,Minion
214,0,3,Warrior,"Taunt

Deathrattle: Shuffle a 6/9 Direhorn with Taunt into your deck.",6,5,Direhorn Hatchling,Rare,Minion
215,0,0,Paladin,Draw cards until you have as many in hand as your opponent.,0,3,Divine Favor,Rare,Spell
216,0,0,Priest,Restore 6 Health to all friendly characters.,0,2,Divine Hymn,Common,Spell
217,0,0,Priest,Double a minion's Health.,0,2,Divine Spirit,Free,Spell
218,0,2,Neutral,"Whenever you draw a minion, summon a 1/1 copy of it.",6,5,Dollmaster Dorian,Legendary,Minion
219,0,3,Mage,Your opponent's spells cost (1) more.,2,3,Doomed Apprentice,Rare,Minion
220,0,0,Rogue,"Throw your weapon at a minion. It deals its damage, then returns to your hand.",0,1,Doomerang,Epic,Spell
221,0,5,Warlock,Charge. Battlecry: Discard two random cards.,7,5,Doomguard,Rare,Minion
222,8,2,Shaman,"Windfury, Overload: (2)",0,5,Doomhammer,Epic,Weapon
223,0,0,Neutral,"At the start of your turn, destroy ALL minions.",7,2,Doomsayer,Epic,Minion
224,3,0,Priest,"After you cast 3 spells in a turn, summon a 5/5 Dragon.",0,3,Dragon Soul,Legendary,Weapon
225,0,3,Mage,Battlecry: Summon a 5/5 Dragon for each spell you cast this game that costs (5) or more.,3,9,Dragoncaller Alanna,Legendary,Minion
226,0,2,Neutral,"At the end of your turn, Recruit a Dragon.",4,9,Dragonhatcher,Epic,Minion
227,0,2,Neutral,Battlecry: Summon a 2/1 Mechanical Dragonling.,4,4,Dragonling Mechanic,Free,Minion
228,0,0,Mage,Reveal a spell from your deck. Deal damage equal to its Cost to all minions.,0,5,Dragon's Fury,Epic,Spell
229,0,4,Neutral,Battlecry: Deal 6 damage to a Dragon.,3,3,Dragonslayer,Common,Minion
230,0,0,Warlock,Deal 2 damage. Restore 2 Health to your hero.,0,3,Drain Life,Free,Spell
231,0,0,Warlock,"Lifesteal

Deal 2 damage to a minion.",0,2,Drain Soul,Common,Spell
232,0,2,Shaman,"Taunt

Overload: (3)",8,3,Drakkari Defender,Common,Minion
233,0,1,Neutral,Your end of turn effects trigger twice.,5,3,Drakkari Enchanter,Epic,Minion
234,0,3,Neutral,Taunt. Costs (1) less per Attack of your weapon.,3,4,Dread Corsair,Common,Minion
235,0,6,Warlock,Battlecry: Deal 1 damage to ALL other characters.,6,6,Dread Infernal,Free,Minion
236,0,4,Druid,Choose One - Transform into a 4/4 with Charge; or a 4/6 with Taunt.,4,5,Druid of the Claw,Common,Minion
237,0,2,Druid,Choose One: Transform into a 4/2 with Rush or a 2/4 with Taunt.,2,3,Druid of the Scythe,Common,Minion
238,0,1,Druid,Choose One - Transform into a 1/2 with Poisonous; or a 1/5 with Taunt.,2,2,Druid of the Swarm,Rare,Minion
239,0,1,Paladin,Deathrattle: Add 3 Silver Hand Recruits to your hand.,1,2,Drygulch Jailor,Common,Minion
240,0,2,Warrior,"Battlecry: For each enemy minion, gain 2 Armor.",2,2,Drywhisker Armorer,Common,Minion
241,0,2,Warlock,"Battlecry: If your hero took damage this turn, summon two 1/1 Bats.",4,3,Duskbat,Common,Minion
242,0,3,Priest,"Battlecry: If you're holding a Dragon, deal 3 damage to all other minions.",3,4,Duskbreaker,Rare,Minion
243,0,3,Druid,"On each player's turn, the first card played costs (0).",7,5,Duskfallen Aviana,Legendary,Minion
244,0,2,Hunter,"Stealth

Each turn this is in your hand, swap its Attack and Health.",5,3,Duskhaven Hunter,Rare,Minion
245,0,3,Shaman,Windfury. Overload: (2),1,1,Dust Devil,Common,Minion
246,2,3,Hunter,"Whenever a Secret is revealed, gain +1 Durability.",0,3,Eaglehorn Bow,Rare,Weapon
247,0,7,Shaman,Taunt. Overload: (3),8,5,Earth Elemental,Epic,Minion
248,0,0,Shaman,"Silence a minion, then deal 1 damage to it.",0,1,Earth Shock,Common,Spell
249,0,0,Shaman,"Give a minion +2/+2. If it's an Elemental, add a random Elemental to your hand.",0,2,Earthen Might,Rare,Spell
250,0,3,Neutral,Battlecry: Restore 3 Health.,3,3,Earthen Ring Farseer,Common,Minion
251,0,0,Druid,"Give a friendly minion +1/+1, then gain Armor equal to its Attack.",0,1,Earthen Scales,Rare,Spell
252,0,3,Neutral,Battlecry: Reduce the Cost of a random weapon in your hand by (2).,4,4,Ebon Dragonsmith,Rare,Minion
253,0,2,Rogue,Combo: Gain +2/+2 for each card played earlier this turn.,2,3,Edwin VanCleef,Legendary,Minion
254,0,3,Neutral,Deathrattle: Summon two 1/1 Raptors.,1,3,Eggnapper,Common,Minion
255,0,5,Druid,"Battlecry: If you're holding a minion with 5 or more Attack, Adapt.",1,3,Elder Longneck,Common,Minion
256,0,5,Neutral,Battlecry: Shuffle a sealed Un'Goro pack into your deck.,5,5,Elise the Trailblazer,Legendary,Minion
257,0,1,Neutral,Battlecry: Deal 1 damage.,1,1,Elven Archer,Free,Minion
258,0,3,Rogue,Combo: Draw 2 minions from your deck.,2,4,Elven Minstrel,Rare,Minion
259,0,0,Priest,"Choose an enemy minion. At the start of your turn, gain control of it.",0,6,Embrace Darkness,Epic,Spell
260,0,2,Neutral,Your minions cost (2) more.,3,1,Emerald Hive Queen,Epic,Minion
261,0,2,Neutral,Battlecry: Deal 1 damage to each hero.,1,1,Emerald Reaver,Common,Minion
262,0,8,Hunter,Battlecry: Double the Attack and Health of all minions in your hand.,8,10,Emeriss,Legendary,Minion
263,0,2,Neutral,Poisonous,3,3,Emperor Cobra,Rare,Minion
264,0,0,Rogue,Give your weapon Poisonous.,0,3,Envenom Weapon,Rare,Spell
265,0,0,Paladin,Change the Health of ALL minions to 1.,0,2,Equality,Rare,Spell
266,0,0,Priest,Discover a friendly minion that died this game. Summon it.,0,4,Eternal Servitude,Rare,Spell
267,0,3,Mage,"If you control a Secret at the end of your turn, gain +2/+2.",3,4,Ethereal Arcanist,Rare,Minion
268,0,0,Rogue,"Secret: After your hero takes damage, become Immune this turn.",0,2,Evasion,Epic,Spell
269,0,0,Rogue,Deal 2 damage. Combo: Deal 4 damage instead.,0,2,Eviscerate,Common,Spell
270,0,0,Druid,Adapt your minions.,0,4,Evolving Spores,Rare,Spell
271,0,0,Warrior,Destroy a damaged enemy minion.,0,2,Execute,Free,Spell
272,0,2,Hunter,Deathrattle: Deal 2 damage to all enemy minions.,1,4,Exploding Bloatbat,Rare,Minion
273,0,0,Warrior,"Replace your deck with copies of ""Discover a card.""",0,2,Explore Un'Goro,Epic,Spell
274,0,0,Mage,"Secret: After your opponent plays a minion, deal 6 damage to it and any excess to their hero.",0,3,Explosive Runes,Rare,Spell
275,0,0,Hunter,Deal 5 damage to a minion and 2 damage to adjacent ones.,0,5,Explosive Shot,Rare,Spell
276,0,0,Hunter,"Secret: When your hero is attacked, deal 2 damage to all enemies.",0,2,Explosive Trap,Common,Spell
277,0,0,Paladin,"Secret: When your hero takes damage, deal that much damage to the enemy hero.",0,1,Eye for an Eye,Common,Spell
278,0,2,Rogue,"Echo

Battlecry: Add a random Legendary minion to your hand.",2,3,Face Collector,Legendary,Minion
279,0,3,Neutral,Battlecry: Choose a minion and become a copy of it.,3,5,Faceless Manipulator,Epic,Minion
280,0,3,Neutral,Can't be targeted by Spells or Hero Powers.,2,2,Faerie Dragon,Common,Minion
281,0,4,Rogue,"Battlecry: Shuffle 3 Ambushes into your deck. When drawn, summon a 4/4 Spider.",4,4,Fal'dorei Strider,Epic,Minion
282,0,2,Neutral,Battlecry: Give a friendly minion +1/+1.,1,2,Fallen Sun Cleric,Common,Minion
283,0,0,Rogue,Deal 1 damage to all enemy minions. Draw a card.,0,3,Fan of Knives,Free,Spell
284,0,0,Shaman,Draw a card. That card costs (3) less.,0,3,Far Sight,Epic,Spell
285,0,5,Druid,Choose a Deathrattle (Secretly) - Deal 3 damage to all minions; or Give them +2/+2.,3,5,Fatespinner,Epic,Minion
286,0,0,Warlock,Deal 3 damage to a minion. Summon three 1/1 Pterrordaxes.,0,5,Feeding Time,Rare,Spell
287,0,3,Warlock,Taunt. Battlecry: Destroy one of your Mana Crystals.,5,3,Felguard,Rare,Minion
288,0,1,Neutral,"Lifesteal

Taunt",6,4,Felsoul Inquisitor,Common,Minion
289,0,3,Neutral,Taunt,6,5,Fen Creeper,Common,Minion
290,0,1,Neutral,"After this minion attacks a hero, add a copy of it to your hand.",1,1,Feral Gibberer,Rare,Minion
291,0,0,Shaman,Summon two 2/3 Spirit Wolves with Taunt. Overload: (2),0,3,Feral Spirit,Rare,Spell
292,0,0,Druid,"Draw a card.

Gain 1 Armor for each card in your hand.",0,3,Ferocious Howl,Common,Spell
293,0,2,Warrior,"After a friendly minion attacks, gain +1 Attack.",7,5,Festeroot Hulk,Rare,Minion
294,0,0,Warlock,Summon four 1/1 Imps.,0,4,Fiendish Circle,Common,Spell
295,2,3,Warrior,,0,3,Fiery War Axe,Free,Weapon
296,0,6,Shaman,Battlecry: Deal 3 damage.,5,6,Fire Elemental,Free,Minion
297,0,1,Neutral,Battlecry: Add a 1/2 Elemental to your hand.,2,1,Fire Fly,Common,Minion
298,0,1,Shaman,Battlecry: Reduce the Cost of Elementals in your hand by (1).,1,2,Fire Plume Harbinger,Rare,Minion
299,0,3,Neutral,Battlecry: Deal 2 damage.,3,4,Fire Plume Phoenix,Common,Minion
300,0,0,Warrior,"Quest: Play 7 Taunt minions.

Reward: Sulfuras.",0,1,Fire Plume's Heart,Legendary,Spell
301,0,0,Mage,Deal 6 damage.,0,4,Fireball,Free,Spell
302,0,0,Mage,Deal 2 damage. Add a 1/2 Elemental to your hand.,0,2,Flame Geyser,Common,Spell
303,0,3,Warlock,Battlecry: Deal 3 damage to your hero.,2,1,Flame Imp,Common,Minion
304,0,0,Mage,Deal 4 damage to all enemy minions.,0,7,Flamestrike,Free,Spell
305,0,0,Shaman,Adjacent minions have +2 Attack.,3,2,Flametongue Totem,Free,Minion
306,0,0,Hunter,Deal 3 damage to a minion. Summon a 3/3 Wolf.,0,4,Flanking Strike,Common,Spell
307,0,0,Hunter,All minions lose Stealth. Destroy all enemy Secrets. Draw a card.,0,2,Flare,Rare,Spell
308,0,2,Neutral,"Whenever a minion dies, gain +1 Attack.",3,3,Flesheating Ghoul,Common,Minion
309,0,0,Druid,Summon three 2/2 Treants.,0,5,Force of Nature,Epic,Spell
310,0,1,Druid,"At the end of your turn, both players draw a card.",6,4,Forest Guide,Rare,Minion
311,0,0,Warrior,Draw 2 weapons from your deck.,0,2,Forge of Souls,Common,Spell
312,0,0,Shaman,Deal 2 damage to 2 random enemy minions. Overload: (2),0,1,Forked Lightning,Common,Spell
313,0,0,Priest,Discover a minion that costs (8) or more. Summon it.,0,8,Free From Amber,Rare,Spell
314,0,0,Hunter,"Secret: When an enemy minion attacks, return it to its owner's hand and it costs (2) more.",0,2,Freezing Trap,Common,Spell
315,0,5,Neutral,Battlecry: Freeze a character.,5,6,Frost Elemental,Common,Minion
316,0,0,Mage,"Battlecry: Summon a 3/6 Water Elemental.

Your Elementals have Lifesteal this game.",0,9,Frost Lich Jaina,Legendary,Hero
317,0,0,Mage,Freeze all enemy minions.,0,3,Frost Nova,Free,Spell
318,0,0,Shaman,Deal 1 damage to an enemy character and Freeze it.,0,1,Frost Shock,Free,Spell
319,0,0,Mage,Deal 3 damage to a character and Freeze it.,0,2,Frostbolt,Free,Spell
320,0,2,Neutral,Taunt,2,2,Frostwolf Grunt,Free,Minion
321,0,4,Neutral,Battlecry: Gain +1/+1 for each other friendly minion on the battlefield.,4,5,Frostwolf Warlord,Free,Minion
322,0,2,Warrior,"Whenever a minion takes damage, gain +1 Attack.",4,3,Frothing Berserker,Rare,Minion
323,0,0,Mage,"Secret: After your opponent plays a minion, put 2 copies of it into your hand.",0,3,Frozen Clone,Common,Spell
324,0,8,Neutral,"After this minion attacks, Freeze it.",8,6,Frozen Crusher,Rare,Minion
325,0,3,Neutral,Battlecry: Restore 2 Health to all friendly characters.,3,3,Fungal Enchanter,Common,Minion
326,0,2,Neutral,Battlecry: Give adjacent minions +2/+2.,2,5,Fungalmancer,Common,Minion
327,0,1,Neutral,Battlecry: Transform a friendly minion into a 6/6 Elemental.,1,5,Furbolg Mossbinder,Rare,Minion
328,0,5,Neutral,Taunt,9,7,Furious Ettin,Common,Minion
329,0,6,Neutral,Battlecry: Discard all weapons from your hand and gain their stats.,6,6,Furnacefire Colossus,Epic,Minion
330,0,4,Neutral,"Whenever you cast a spell, draw a card.",4,6,Gadgetzan Auctioneer,Rare,Minion
331,0,0,Warrior,Recruit a minion.,0,6,Gather Your Party,Rare,Spell
332,0,5,Warrior,"Taunt

Can only attack if you have 5 or more Armor.",9,6,Gemstudded Golem,Common,Minion
333,0,6,Neutral,"Start of Game: If your deck has only even-Cost cards, your starting Hero Power costs (1).",5,6,Genn Greymane,Legendary,Minion
334,0,5,Neutral,Battlecry: Adapt your Murlocs.,4,4,Gentle Megasaur,Epic,Minion
335,0,4,Warrior,"At the end of your turn, summon a random minion with Cost equal to your Armor (up to 10).",8,8,Geosculptor Yip,Legendary,Minion
336,0,2,Mage,Battlecry: Add a Mirror Image to your hand.,6,4,Ghastly Conjurer,Rare,Minion
337,0,2,Shaman,Echo,2,2,Ghost Light Angler,Common,Minion
338,0,3,Paladin,"Divine Shield

Rush",4,5,Ghostly Charger,Common,Minion
339,0,5,Druid,Deathrattle: Summon a minion from your hand with 5 or more Attack.,3,7,Giant Anaconda,Epic,Minion
340,0,6,Neutral,Taunt,10,9,Giant Mastodon,Common,Minion
341,0,2,Neutral,"Stealth

Poisonous",2,3,Giant Wasp,Common,Minion
342,0,2,Priest,Deathrattle: Add a Coin to your hand.,2,3,Gilded Gargoyle,Common,Minion
343,0,3,Neutral,"Divine Shield, Rush

Each turn this is in your hand, swap its Attack and Health.",8,8,Gilnean Royal Guard,Rare,Minion
344,0,0,Mage,Put one of each Secret from your deck into the battlefield.,0,8,Glacial Mysteries,Epic,Spell
345,0,2,Neutral,Battlecry: Freeze an enemy.,1,1,Glacial Shard,Common,Minion
346,2,5,Hunter,Your hero is Immune while attacking.,0,7,Gladiator's Longbow,Epic,Weapon
347,0,3,Warlock,Minions in your hand have Echo.,7,6,Glinda Crowskin,Legendary,Minion
348,0,4,Priest,"Battlecry: If your deck has only odd-Cost cards, double the Health of your other minions.",4,5,Glitter Moth,Epic,Minion
349,0,2,Druid,"Taunt

Battlecry: If your deck has only odd-Cost cards, gain +2/+2.",6,5,Gloom Stag,Epic,Minion
350,0,3,Neutral,Battlecry: Destroy your opponent's weapon and gain Armor equal to its Attack.,3,3,Gluttonous Ooze,Epic,Minion
351,0,0,Druid,"Give your hero +3 Attack this turn.

Gain 3 Armor.",0,3,Gnash,Common,Spell
352,0,2,Warlock,Battlecry: Remove the top card from your opponent's deck.,3,2,Gnomeferatu,Epic,Minion
353,0,2,Neutral,Battlecry: Draw a card.,4,4,Gnomish Inventor,Free,Minion
354,0,2,Neutral,Battlecry: Destroy a Pirate and gain +1/+1.,3,2,Golakka Crawler,Rare,Minion
355,0,1,Neutral,Taunt,2,1,Goldshire Footman,Free,Minion
356,1,7,Warrior,Attacking a minion costs 1 Attack instead of 1 Durability.,0,7,Gorehowl,Epic,Weapon
357,0,4,Neutral,"At the end of your turn, cast a spell from your deck (targets chosen randomly).",7,8,Grand Archivist,Epic,Minion
358,0,4,Neutral,"Whenever your weapon is destroyed, gain +1/+1.",4,4,Grave Shambler,Common,Minion
359,0,2,Neutral,Battlecry: Summon a random 1-Cost minion for your opponent.,3,1,Gravelsnout Knight,Rare,Minion
360,0,3,Druid,Deathrattle: Gain an empty Mana Crystal.,1,3,Greedy Sprite,Rare,Minion
361,0,3,Neutral,"At the end of your turn, summon a 1/2 Ooze with Taunt.",3,5,Green Jelly,Common,Minion
362,0,0,Hunter,Deal 2 damage to a minion and 1 damage to adjacent ones.,0,2,Grievous Bite,Common,Spell
363,0,2,Neutral,Battlecry: Summon two 1/1 Skeletons.,4,4,Grim Necromancer,Common,Minion
364,0,1,Neutral,Your other Murlocs have +1 Attack.,1,1,Grimscale Oracle,Free,Minion
365,0,3,Druid,"Taunt

Deathrattle: Recruit 2 minions that cost (4) or less.",5,8,Grizzled Guardian,Rare,Minion
366,0,4,Warrior,Charge. Enrage: +6 Attack,9,8,Grommash Hellscream,Legendary,Minion
367,0,7,Shaman,Battlecry: Return your other minions to your hand. They cost (1).,7,6,"Grumble, Worldshaker",Legendary,Minion
368,0,7,Neutral,"At the end of each turn, gain +1/+1 .",7,8,Gruul,Legendary,Minion
369,0,5,Paladin,Battlecry: Restore 6 Health to your hero.,6,7,Guardian of Kings,Free,Minion
370,0,2,Neutral,Battlecry: Recruit a minion that costs (4) or less.,4,5,Guild Recruiter,Common,Minion
371,0,2,Neutral,"Whenever this minion takes damage, gain +3 Attack.",7,5,Gurubashi Berserker,Free,Minion
372,0,3,Druid,Deathrattle: Summon your Taunt minions that died this game.,7,9,Hadronox,Legendary,Minion
373,0,0,Shaman,Battlecry: Deal 3 damage to all minions.,0,8,Hagatha the Witch,Legendary,Hero
374,0,0,Rogue,Discover a card from your opponent's class.,0,1,Hallucination,Common,Spell
375,0,0,Paladin,Deal 3 damage. Draw a card.,0,4,Hammer of Wrath,Free,Spell
376,0,0,Paladin,Give a minion Divine Shield.,0,1,Hand of Protection,Free,Spell
377,0,3,Neutral,Costs (0) if your Hero was healed this turn.,3,3,Happy Ghoul,Rare,Minion
378,0,5,Neutral,Battlecry: Destroy your opponent's weapon and draw cards equal to its Durability.,4,5,Harrison Jones,Legendary,Minion
379,0,2,Neutral,Deathrattle: Summon a 2/1 Damaged Golem.,3,3,Harvest Golem,Common,Minion
380,0,0,Rogue,Deal 2 damage to the enemy hero. Combo: Return this to your hand next turn.,0,3,Headcrack,Rare,Spell
381,0,0,Shaman,Restore 12 Health divided randomly among all friendly characters.,0,3,Healing Rain,Common,Spell
382,0,0,Druid,Restore 8 Health.,0,3,Healing Touch,Free,Spell
383,0,0,Warlock,Deal 3 damage to ALL characters.,0,4,Hellfire,Free,Spell
384,0,6,Neutral,Battlecry: Destroy all cards in your deck that cost (3) or less.,6,6,"Hemet, Jungle Hunter",Legendary,Minion
385,0,3,Neutral,"After your hero attacks, give this minion +1/+1.",3,3,Hench-Clan Thug,Common,Minion
386,0,0,Warrior,Give your hero +4 Attack this turn.,0,2,Heroic Strike,Free,Spell
387,0,0,Shaman,Transform a minion into a 0/1 Frog with Taunt.,0,4,Hex,Free,Spell
388,0,0,Paladin,"Secret: After your opponent plays three cards in a turn, draw 2 cards.",0,1,Hidden Wisdom,Epic,Spell
389,0,5,Neutral,Deathrattle: Give your opponent two Coins.,6,4,Hoarding Dragon,Common,Minion
390,0,4,Neutral,"At the end of your turn, summon a 2/2 Gnoll with Taunt.",4,6,Hogger,Legendary,Minion
391,0,0,Priest,Deal 5 damage. Restore 5 Health to your hero.,0,6,Holy Fire,Rare,Spell
392,0,0,Paladin,Restore 6 Health.,0,2,Holy Light,Free,Spell
393,0,0,Priest,Deal 2 damage to all enemies. Restore 2 Health to all friendly characters.,0,5,Holy Nova,Free,Spell
394,0,0,Priest,Deal 2 damage.,0,1,Holy Smite,Free,Spell
395,0,0,Priest,"Deal 4 damage to a minion. If that kills it, add a copy of it to your hand.",0,5,Holy Water,Rare,Spell
396,0,0,Paladin,Draw a card and deal damage equal to its cost.,0,5,Holy Wrath,Rare,Spell
397,0,4,Warlock,"Battlecry: If you have 15 or less Health, gain +3/+3 and Taunt.",4,4,Hooked Reaver,Rare,Minion
398,0,2,Shaman,"Taunt

Battlecry: Restore 3 Health.",4,3,Hot Spring Guardian,Common,Minion
399,0,4,Hunter,Battlecry: Give a friendly Beast +2/+2 and Taunt.,3,4,Houndmaster,Free,Minion
400,0,3,Hunter,Your other minions have Rush.,6,4,Houndmaster Shaw,Legendary,Minion
401,0,3,Warlock,"Whenever this minion takes damage, discard a random card.",6,3,Howlfiend,Common,Minion
402,0,2,Paladin,Battlecry: Draw a Divine Shield minion from your deck.,2,3,Howling Commander,Rare,Minion
403,0,0,Paladin,Change a minion's Attack to 1.,0,1,Humility,Free,Spell
404,0,4,Neutral,Can't attack.,8,3,Humongous Razorleaf,Rare,Minion
405,0,1,Neutral,Battlecry: Destroy a Murloc and gain +2/+2.,2,1,Hungry Crab,Epic,Minion
406,0,4,Neutral,"Taunt

Battlecry: Summon a random 2-Cost minion for your opponent.",10,6,Hungry Ettin,Rare,Minion
407,0,0,Hunter,Change a minion's Health to 1.,0,1,Hunter's Mark,Free,Spell
408,0,2,Hunter,"Echo

Rush",1,2,Hunting Mastiff,Common,Minion
409,0,2,Paladin,Battlecry: Discover a Secret.,2,2,Hydrologist,Common,Minion
410,0,4,Neutral,Battlecry: Freeze your other minions.,4,3,Hyldnir Frostrider,Common,Minion
411,0,0,Mage,"Secret: As soon as your hero is attacked, gain 8 Armor.",0,3,Ice Barrier,Common,Spell
412,3,1,Shaman,Destroy any Frozen minion damaged by this.,0,3,Ice Breaker,Rare,Weapon
413,0,0,Shaman,Draw 2 Murlocs from your deck.,0,2,Ice Fishing,Common,Spell
414,0,1,Mage,Your Hero Power also Freezes the target.,3,2,Ice Walker,Rare,Minion
415,0,2,Neutral,Deathrattle: Add two 1/2 Elementals to your hand.,3,3,Igneous Elemental,Common,Minion
416,0,7,Neutral,"Whenever you play a card, summon a 2/1 Flame of Azzinoth.",5,6,Illidan Stormrage,Legendary,Minion
417,0,1,Neutral,"At the end of your turn, deal 1 damage to this minion and summon a 1/1 Imp.",5,3,Imp Master,Rare,Minion
418,0,4,Neutral,Battlecry: Deal 4 damage to HIMSELF.,7,3,Injured Blademaster,Rare,Minion
419,0,0,Priest,Change a minion's Attack to be equal to its Health.,0,1,Inner Fire,Common,Spell
420,0,0,Warrior,Deal 1 damage to a minion and give it +2 Attack.,0,0,Inner Rage,Common,Spell
421,0,0,Druid,Gain 1 Mana Crystal this turn only.,0,0,Innervate,Free,Spell
422,0,0,Warrior,Gain 5 Armor.,0,1,Iron Hide,Common,Spell
423,0,8,Druid,Taunt,8,8,Ironbark Protector,Free,Minion
424,0,2,Neutral,Battlecry: Silence a minion.,1,3,Ironbeak Owl,Common,Minion
425,0,2,Neutral,Battlecry: Deal 1 damage.,2,3,Ironforge Rifleman,Free,Minion
426,0,3,Neutral,Taunt,3,3,Ironfur Grizzly,Free,Minion
427,0,3,Druid,"Taunt

Can only attack if you have 3 or more Armor.",6,4,Ironwood Golem,Common,Minion
428,0,2,Druid,"After you play a minion, summon a copy of it.",4,5,"Ixlid, Fungal Lord",Legendary,Minion
429,0,1,Hunter,Battlecry: Add a random Beast to your hand.,1,1,Jeweled Macaw,Common,Minion
430,0,0,Druid,"Quest: Summon 5 minions with 5 or more Attack.

Reward: Barnabus.",0,1,Jungle Giants,Legendary,Spell
431,0,4,Neutral,Stealth,2,3,Jungle Panther,Common,Minion
432,0,7,Shaman,"Battlecry: If you played an Elemental last turn, cast an Elemental Invocation.",7,8,"Kalimos, Primal Lord",Legendary,Minion
433,0,6,Hunter,Battlecry and Deathrattle: Recruit a Beast.,6,8,Kathrena Winterwisp,Legendary,Minion
434,0,5,Neutral,"Whenever you play a card, remove the top 3 cards of your deck.",5,4,Keening Banshee,Rare,Minion
435,0,2,Druid,Choose One - Deal 2 damage; or Silence a minion.,2,4,Keeper of the Grove,Rare,Minion
436,0,5,Rogue,Combo: Return a minion to its owner's hand.,3,6,Kidnapper,Epic,Minion
437,0,0,Hunter,"Deal 3 damage. If you have a Beast, deal 5 damage instead.",0,3,Kill Command,Free,Spell
438,0,8,Hunter,Charge,8,9,King Krush,Legendary,Minion
439,0,9,Warrior,Battlecry: Destroy all damaged minions.,7,9,King Mosh,Legendary,Minion
440,0,5,Neutral,Battlecry: Give your opponent 2 Bananas.,5,3,King Mukla,Legendary,Minion
441,0,5,Neutral,Battlecry: Swap decks with your opponent. Give them a Ransom spell to swap back.,5,8,King Togwaggle,Legendary,Minion
442,3,1,Rogue,Deathrattle: Shuffle this into your deck. It keeps any enchantments.,0,1,Kingsbane,Legendary,Weapon
443,0,4,Mage,Battlecry: The next Secret you play this turn costs (0).,3,3,Kirin Tor Mage,Rare,Minion
444,0,2,Neutral,"After you summon a minion, deal 1 damage to a random enemy.",2,2,Knife Juggler,Rare,Minion
445,0,2,Neutral,Battlecry: Deal 3 damage randomly split among all enemies.,1,3,Kobold Apprentice,Common,Minion
446,0,4,Warrior,"At the start of your turn, attack a random enemy.",4,3,Kobold Barbarian,Rare,Minion
447,0,2,Neutral,Spell Damage +1,2,2,Kobold Geomancer,Free,Minion
448,0,1,Shaman,Battlecry: Choose a basic Totem. Summon it.,1,2,Kobold Hermit,Common,Minion
449,0,3,Rogue,Deathrattle: Summon a 1/1 copy of a minion from your hand.,3,4,Kobold Illusionist,Rare,Minion
450,0,2,Warlock,Battlecry: Draw a card. Deal 2 damage to your hero.,1,1,Kobold Librarian,Common,Minion
451,0,3,Neutral,Your hero can't be targeted by spells or Hero Powers.,6,4,Kobold Monk,Rare,Minion
452,0,4,Warrior,Charge,3,4,Kor'kron Elite,Free,Minion
453,0,5,Priest,Battlecry: Cast 'Inner Fire' on every minion in your deck (set Attack equal to Health).,5,6,Lady in White,Legendary,Minion
454,0,3,Warlock,"Taunt

Battlecry: Discard two random cards.",8,4,Lakkari Felhound,Common,Minion
455,0,0,Warlock,"Quest: Discard 6 cards.

Reward: Nether Portal.",0,1,Lakkari Sacrifice,Legendary,Spell
456,0,0,Shaman,Deal 5 damage. Overload: (2),0,3,Lava Burst,Rare,Spell
457,0,0,Paladin,Restore 8 Health. Draw 3 cards.,0,8,Lay on Hands,Epic,Spell
458,0,0,Rogue,Give your weapon Lifesteal.,0,2,Leeching Poison,Common,Spell
459,0,6,Neutral,Charge. Battlecry: Summon two 1/1 Whelps for your opponent.,2,5,Leeroy Jenkins,Legendary,Minion
460,0,1,Neutral,Deathrattle: Deal 2 damage to the enemy hero.,1,1,Leper Gnome,Common,Minion
461,0,0,Warlock,Lifesteal. Deal 3 damage to a minion. (Take damage from your cards to upgrade.),0,4,Lesser Amethyst Spellstone,Rare,Spell
462,0,0,Priest,Resurrect 2 different friendly minions. (Cast 4 spells to upgrade.),0,7,Lesser Diamond Spellstone,Rare,Spell
463,0,0,Hunter,Summon two 3/3 Wolves. (Play a Secret to upgrade.),0,5,Lesser Emerald Spellstone,Rare,Spell
464,0,0,Druid,Deal 2 damage to a minion. (Gain 3 Armor to upgrade.),0,1,Lesser Jasper Spellstone,Rare,Spell
465,0,0,Warrior,Summon one 5/5 Mithril Golem. (Equip a weapon to upgrade.),0,7,Lesser Mithril Spellstone,Rare,Spell
466,0,0,Rogue,Destroy 1 random enemy minion. (Play 3 Deathrattle cards to upgrade.),0,5,Lesser Onyx Spellstone,Rare,Spell
467,0,0,Paladin,Summon a 2/2 Spirit with Taunt. (Restore 3 Health to upgrade.),0,2,Lesser Pearl Spellstone,Rare,Spell
468,0,0,Mage,Add 1 random Mage spell to your hand. (Play 2 Elementals to upgrade.),0,2,Lesser Ruby Spellstone,Rare,Spell
469,0,0,Shaman,Summon 1 copy of a friendly minion. (Overload 3 Mana Crystal to upgrade.),0,7,Lesser Sapphire Spellstone,Rare,Spell
470,0,0,Paladin,Give your Silver Hand Recruits +2/+2 and Taunt.,0,5,Level Up!,Epic,Spell
471,0,4,Mage,"Battlecry: If you're holding any cards that didn't start in your deck, reduce their Cost by (2).",5,4,Leyline Manipulator,Rare,Minion
472,0,3,Neutral,Battlecry: Deal 3 damage to the enemy hero. Restore 3 Health to your hero.,3,4,Lifedrinker,Rare,Minion
473,0,3,Paladin,Battlecry: Adapt your Silver Hand Recruits.,4,4,Lightfused Stegodon,Rare,Minion
474,0,0,Shaman,Deal 3 damage. Overload: (1),0,1,Lightning Bolt,Common,Spell
475,0,0,Shaman,Deal 2-3 damage to all enemy minions. Overload: (2),0,3,Lightning Storm,Rare,Spell
476,4,1,Paladin,,0,1,Light's Justice,Free,Weapon
477,4,1,Paladin,"After a friendly minion loses Divine Shield, gain +1 Attack.",0,4,Light's Sorrow,Epic,Weapon
478,0,0,Priest,This minion's Attack is always equal to its Health.,5,4,Lightspawn,Common,Minion
479,0,1,Neutral,"Whenever a character is healed, gain +2 Attack.",2,1,Lightwarden,Rare,Minion
480,0,0,Priest,"At the start of your turn, restore 3 Health to a damaged friendly character.",5,2,Lightwell,Rare,Minion
481,0,4,Rogue,Battlecry: Replace spells in your hand with random spells (from your opponent's class).,5,4,Lilian Voss,Legendary,Minion
482,0,0,Druid,Transform your Mana Crystals into 2/2 minions. Recover the mana when they die.,0,5,Living Mana,Epic,Spell
483,0,2,Neutral,"Battlecry: If you control no other minions, gain Taunt and Divine Shield.",4,3,Lone Champion,Rare,Minion
484,0,2,Neutral,Deathrattle: Draw a card.,1,2,Loot Hoarder,Common,Minion
485,0,4,Warlock,"Battlecry: Deal 2 damage to all other minions. If any die, repeat this Battlecry.",4,7,Lord Godfrey,Legendary,Minion
486,0,3,Warlock,Battlecry: Destroy your hero and replace him with Lord Jaraxxus.,15,9,Lord Jaraxxus,Legendary,Minion
487,0,6,Neutral,Taunt,5,6,Lord of the Arena,Free,Minion
488,0,0,Neutral,"Whenever a player casts a spell, put a copy into the other player’s hand.",4,2,Lorewalker Cho,Legendary,Minion
489,0,0,Paladin,Summon two 1/1 Silver Hand Recruits.,0,1,Lost in the Jungle,Common,Spell
490,0,1,Neutral,Deathrattle: Give your minions +1 Attack.,1,2,Lost Spirit,Common,Minion
491,0,1,Paladin,Battlecry: Cast each spell you cast on your minions this game on this one.,1,7,Lynessa Sunsorrow,Legendary,Minion
492,0,3,Priest,"Whenever you cast a spell, add a random Priest spell to your hand.",5,5,Lyra the Sunshard,Legendary,Minion
493,0,3,Neutral,Battlecry: Deal 3 damage randomly split between all other characters.,2,2,Mad Bomber,Common,Minion
494,0,3,Neutral,Battlecry: Randomly toss 3 hats to other minions. Each hat gives +1/+1.,2,4,Mad Hatter,Rare,Minion
495,0,5,Neutral,,1,3,Magma Rager,Free,Minion
496,0,0,Druid,Choose One - Summon 2 Poisonous Spiders; or 2 Scarabs with Taunt.,0,7,Malfurion the Pestilent,Legendary,Hero
497,0,4,Neutral,Spell Damage +5,12,9,Malygos,Legendary,Minion
498,0,1,Neutral,"Whenever you cast a spell, gain +2 Attack this turn.",3,2,Mana Addict,Rare,Minion
499,0,0,Mage,"Secret: When your opponent casts a spell, add a copy to your hand that costs (0).",0,3,Mana Bind,Rare,Spell
500,0,0,Shaman,"At the end of your turn, draw a card.",3,3,Mana Tide Totem,Rare,Minion
501,0,2,Neutral,ALL minions cost (1) more.,2,2,Mana Wraith,Rare,Minion
502,0,1,Mage,"Whenever you cast a spell, gain +1 Attack.",3,1,Mana Wyrm,Common,Minion
503,0,6,Neutral,Battlecry: Summon a 0/8 Treasure Chest for your opponent. (Break it for awesome loot!),6,8,Marin the Fox,Legendary,Minion
504,0,0,Druid,Choose One - Give a minion +4 Attack; or +4 Health and Taunt.,0,3,Mark of Nature,Common,Spell
505,0,0,Druid,Give a minion Taunt and +2/+2. (+2 Attack/+2 Health),0,2,Mark of the Wild,Free,Spell
506,0,5,Neutral,Battlecry: Summon a 2/1 Poisonous Drakeslayer for your opponent.,4,3,Marsh Drake,Common,Minion
507,0,0,Priest,Silence all enemy minions. Draw a card.,0,4,Mass Dispel,Rare,Spell
508,0,5,Neutral,"Battlecry: Recruit a 1, 2, and 3-Attack minion.",5,9,Master Oakheart,Legendary,Minion
509,0,4,Rogue,Battlecry: Give a friendly minion Stealth until your next turn.,4,4,Master of Disguise,Rare,Minion
510,0,1,Neutral,"At the end of your turn, give another random friendly minion +1 Attack.",3,2,Master Swordsmith,Rare,Minion
511,0,1,Neutral,Deathrattle: Summon a minion from your deck with less Attack than this minion.,4,4,Meat Wagon,Epic,Minion
512,0,0,Mage,Deal 15 damage to a minion and 3 damage to adjacent ones.,0,6,Meteor,Epic,Spell
513,0,2,Warrior,"Rush

Battlecry: Gain +3 Attack this turn.",5,4,Militia Commander,Rare,Minion
514,0,4,Neutral,Battlecry: Enemy spells cost (0) next turn.,4,2,Millhouse Manastorm,Legendary,Minion
515,0,0,Rogue,"Draw a card, then add a copy of it to your hand.",0,3,Mimic Pod,Rare,Spell
516,0,0,Priest,Deal 5 damage to the enemy hero.,0,2,Mind Blast,Free,Spell
517,0,0,Priest,Take control of an enemy minion.,0,10,Mind Control,Free,Spell
518,0,3,Neutral,"Battlecry: If your opponent has 4 or more minions, take control of one at random.",3,3,Mind Control Tech,Rare,Minion
519,0,0,Priest,Put a copy of a random card in your opponent's hand into your hand.,0,1,Mind Vision,Free,Spell
520,0,2,Neutral,Hero Powers are disabled.,5,3,Mindbreaker,Rare,Minion
521,0,0,Priest,Put a copy of a random minion from your opponent's deck into the battlefield.,0,4,Mindgames,Epic,Spell
522,0,2,Priest,Battlecry: Choose a friendly minion. Summon a 1/1 copy of it.,3,3,Mirage Caller,Rare,Minion
523,0,0,Mage,"Secret: When your opponent plays a minion, summon a copy of it.",0,3,Mirror Entity,Common,Spell
524,0,0,Mage,Summon two 0/2 minions with Taunt.,0,1,Mirror Image,Free,Spell
525,0,0,Hunter,"Secret: When a character attacks your hero, instead he attacks another random character.",0,2,Misdirection,Rare,Spell
526,0,3,Rogue,"Whenever you play an Echo card, gain +1/+1.",5,4,Mistwraith,Rare,Minion
527,0,1,Neutral,Taunt,7,4,Mogu'shan Warden,Common,Minion
528,1,1,Warrior,"Each turn this is in your hand, transform it into a new weapon.",0,1,Molten Blade,Rare,Weapon
529,0,0,Mage,Choose a friendly minion. Summon a copy of it.,0,4,Molten Reflection,Rare,Spell
530,0,0,Druid,Deal 1 damage.,0,0,Moonfire,Free,Spell
531,0,4,Shaman,"Whenever another minion is Frozen, add a copy of it to your hand.",4,6,Moorabi,Legendary,Minion
532,0,0,Warlock,"Deal 1 damage to a minion. If that kills it, draw a card.",0,1,Mortal Coil,Free,Spell
533,0,0,Warrior,"Deal 4 damage. If you have 12 or less Health, deal 6 instead.",0,4,Mortal Strike,Rare,Spell
534,0,2,Neutral,Battlecry: Destroy all other minions with 2 or less Attack.,7,6,Mossy Horror,Epic,Minion
535,0,8,Neutral,Costs (1) less for each other card in your hand.,8,12,Mountain Giant,Epic,Minion
536,0,4,Warrior,"Deathrattle: If it's your opponent's turn, gain 6 Armor.",3,3,Mountainfire Armor,Rare,Minion
537,0,5,Neutral,"Rush, Battlecry: Summon two 2/1 Muck Monsters for your opponent.",8,5,Muck Hunter,Epic,Minion
538,0,0,Hunter,Deal 3 damage to two random enemy minions.,0,4,Multi-Shot,Free,Spell
539,0,2,Shaman,"Battlecry: If your deck has only even-Cost cards, deal 2 damage.",3,2,Murkspark Eel,Rare,Minion
540,0,2,Neutral,,1,1,Murloc Raider,Free,Minion
541,0,1,Neutral,"Whenever you summon a Murloc, gain +1 Attack.",2,1,Murloc Tidecaller,Rare,Minion
542,0,2,Neutral,Battlecry: Summon a 1/1 Murloc Scout.,1,2,Murloc Tidehunter,Free,Minion
543,0,3,Neutral,Your other Murlocs have +2 Attack.,3,3,Murloc Warleader,Epic,Minion
544,0,1,Shaman,Battlecry: Your next Battlecry this turn triggers twice.,1,2,Murmuring Elemental,Rare,Minion
545,0,0,Neutral,"At the start of your turn, you have a 50% chance to draw an extra card.",4,2,Nat Pagle,Legendary,Minion
546,0,0,Druid,Destroy a minion. Your opponent draws 2 cards.,0,1,Naturalize,Common,Spell
547,0,5,Neutral,"Whenever one of your other minions dies, summon a 2/2 Ghoul.",3,6,Necrotic Geist,Common,Minion
548,0,5,Neutral,Spells cost (2) more.,5,6,Nerubian Unraveler,Epic,Minion
549,0,4,Neutral,"Battlecry: If you control at least 2 other minions, gain Taunt.",7,5,Nesting Roc,Common,Minion
550,0,3,Neutral,"Whenever this minion takes damage, gain +2 Attack.",4,4,Night Howler,Common,Minion
551,0,3,Neutral,"Battlecry: If this is the only minion in the battlefield, gain +3/+3.",3,4,Night Prowler,Rare,Minion
552,0,4,Neutral,Battlecry: Deal 3 damage to the enemy hero.,4,5,Nightblade,Free,Minion
553,0,3,Neutral,"This is an Elemental, Mech, Demon, Murloc, Dragon, Beast, Pirate and Totem.",4,3,Nightmare Amalgam,Epic,Minion
554,0,4,Priest,"Whenever a friendly minion is healed, summon a 3/3 Whelp.",9,7,Nightscale Matriarch,Rare,Minion
555,0,0,Paladin,"Secret: When an enemy attacks, summon a 2/1 Defender as the new target.",0,1,Noble Sacrifice,Common,Spell
556,0,1,Priest,"Whenever a minion is healed, draw a card.",3,1,Northshire Cleric,Free,Minion
557,0,0,Druid,Choose One - Gain 2 Mana Crystals; or Draw 3 cards.,0,5,Nourish,Rare,Spell
558,0,1,Neutral,Battlecry: Draw a card.,1,2,Novice Engineer,Free,Minion
559,0,8,Neutral,Players only have 15 seconds to take their turns.,8,9,Nozdormu,Legendary,Minion
560,0,0,Druid,Gain 6 Armour. Recruit a minion that costs (4) or less.,0,4,Oaken Summons,Common,Spell
561,0,2,Neutral,,7,4,Oasis Snapjaw,Free,Minion
562,3,3,Rogue,Costs (1) less for each card you've played from another class.,0,4,Obsidian Shard,Rare,Weapon
563,0,4,Priest,"Taunt. Lifesteal.

Deathrattle: Destroy a random enemy minion.",8,9,Obsidian Statue,Epic,Minion
564,0,4,Neutral,Spell Damage +1,4,4,Ogre Magi,Free,Minion
565,0,8,Neutral,Battlecry: Summon 1/1 Whelps until your side of the battlefield is full.,8,9,Onyxia,Legendary,Minion
566,0,0,Mage,"Quest: Cast 6 spells that didn't start in your deck.

Reward: Time Warp.",0,1,Open the Waygate,Legendary,Spell
567,0,5,Warrior,"Taunt

Battlecry: Adapt.",5,6,Ornery Direhorn,Common,Minion
568,0,5,Neutral,"Taunt

Battlecry: Gain +5 Health for each Elemental you played last turn.",5,9,Ozruk,Legendary,Minion
569,0,2,Paladin,"While this minion has 3 or more Attack, it has Taunt and Lifesteal.",5,3,Paragon of Light,Rare,Minion
570,0,1,Rogue,"Stealth, Poisonous",1,2,Patient Assassin,Epic,Minion
571,2,2,Rogue,Battlecry: Deal 1 damage. Combo: Deal 2 instead.,0,3,Perdition's Blade,Rare,Weapon
572,0,3,Neutral,Battlecry: Gain stats equal to your weapon's.,3,4,Phantom Freebooter,Rare,Minion
573,0,2,Neutral,"Echo

Taunt",4,3,Phantom Militia,Rare,Minion
574,0,0,Rogue,"Echo

Add a random card to your hand (from your opponent's class).",0,2,Pick Pocket,Rare,Spell
575,0,2,Neutral,The first minion you play each turn costs (1) less.,2,2,Pint-Sized Summoner,Rare,Minion
576,0,5,Warlock,Battlecry: Deal 5 damage to your hero.,6,4,Pit Lord,Epic,Minion
577,0,2,Rogue,Combo: Give a friendly minion Poisonous.,3,3,Plague Scientist,Common,Minion
578,0,2,Neutral,Deathrattle: Gain 3 Armor.,3,2,Plated Beetle,Common,Minion
579,0,0,Hunter,Trigger a friendly minion's Deathrattle.,0,1,Play Dead,Common,Spell
580,0,0,Mage,Transform a minion into a 1/1 Sheep.,0,4,Polymorph,Free,Spell
581,0,2,Warlock,Deathrattle: Recruit a Demon.,2,5,Possessed Lackey,Rare,Minion
582,0,0,Paladin,"Give a minion Divine Shield.

Draw a card.",0,2,Potion of Heroism,Common,Spell
583,0,0,Druid,Choose One - Give your minions +1/+1; or Summon a 3/2 Panther.,0,2,Power of the Wild,Common,Spell
584,0,0,Priest,Give a minion +2 Health. Draw a card.,0,1,Power Word: Shield,Free,Spell
585,0,0,Rogue,The next spell you cast this turn costs (3) less.,0,0,Preparation,Epic,Spell
586,0,5,Neutral,Battlecry: Restore 4 Health to your hero.,4,6,Priestess of Elune,Common,Minion
587,0,0,Shaman,"Give your minions ""Deathrattle: Summon a random basic Totem.""",0,3,Primal Talismans,Rare,Spell
588,0,1,Paladin,Deathrattle: Return any spells you cast on this minion to your hand.,2,2,Primalfin Champion,Epic,Minion
589,0,3,Neutral,"Battlecry: If you control another Murloc, Discover a Murloc.",2,3,Primalfin Lookout,Common,Minion
590,0,0,Shaman,"At the end of your turn, summon a 1/1 Murloc.",3,2,Primalfin Totem,Rare,Minion
591,0,4,Neutral,"Taunt

Battlecry: Deal 2 damage to all other minions.",8,8,Primordial Drake,Epic,Minion
592,0,0,Mage,Discover a spell. Reduce its Cost by (2).,0,2,Primordial Glyph,Epic,Spell
593,0,2,Neutral,"Battlecry: If your deck has no 2-Cost cards, give all minions in your deck +1/+1.",2,2,Prince Keleseth,Legendary,Minion
594,0,5,Paladin,Battlecry: Transform all 1-Cost cards in your deck into Legendary minions.,5,5,Prince Liam,Legendary,Minion
595,0,3,Neutral,"Battlecry: If your deck has no 3-Cost cards, transform into a 3/3 copy of a minion.",3,3,Prince Taldaram,Legendary,Minion
596,0,4,Neutral,"Battlecry: If your deck has no 4-Cost cards, gain Lifesteal and Taunt.",4,4,Prince Valanar,Legendary,Minion
597,0,5,Hunter,"After you play a Secret, put a random Hunter Secret into the battlefield.",4,4,Professor Putricide,Legendary,Minion
598,0,7,Priest,Double the damage and healing of your spells and Hero Power.,7,7,Prophet Velen,Legendary,Minion
599,0,0,Priest,Copy a spell in your opponent's deck and add it to your hand.,0,1,Psionic Probe,Common,Spell
600,0,0,Priest,Shuffle all minions into your opponent's deck.,0,7,Psychic Scream,Epic,Spell
601,0,2,Neutral,Battlecry: Adapt.,2,3,Pterrordax Hatchling,Common,Minion
602,0,2,Neutral,"Lifesteal

Each turn this is in your hand, swap its Attack and Health.",4,3,Pumpkin Peasant,Common,Minion
603,0,0,Mage,Deal 10 damage.,0,10,Pyroblast,Epic,Spell
604,0,2,Mage,Deathrattle: Return this to your hand as a 6/6 that costs (6).,2,2,Pyros,Legendary,Minion
605,0,5,Priest,Can't attack while damaged.,8,5,Quartz Elemental,Common,Minion
606,0,2,Neutral,"Whenever you play a card, gain +1/+1.",2,3,Questing Adventurer,Rare,Minion
607,0,3,Warrior,Rush,3,3,Rabid Worgen,Common,Minion
608,0,2,Priest,Your spells cost (1) less.,3,2,Radiant Elemental,Common,Minion
609,0,3,Neutral,Enrage: Windfury and +1 Attack,3,3,Raging Worgen,Common,Minion
610,0,2,Neutral,Your other minions have +1 Attack.,2,3,Raid Leader,Free,Minion
611,0,0,Warrior,Give a damaged minion +3/+3.,0,2,Rampage,Common,Spell
612,0,2,Hunter,Deathrattle: Shuffle a 4/3 Raptor into your deck.,1,1,Raptor Hatchling,Rare,Minion
613,0,0,Hunter,"Secret: When your opponent plays three cards in one turn, summon a 6/6 rat.",0,2,Rat Trap,Epic,Spell
614,0,2,Warlock,"Rush

Battlecry: Destroy a friendly minion and gain its attack and Health.",2,3,Ratcatcher,Epic,Minion
615,0,2,Neutral,"Battlecry: Summon a 5/5 Skeleton.

Deathrattle: Summon a 5/5 Skeleton for your opponent.",2,4,Rattling Rascal,Epic,Minion
616,0,2,Neutral,"Battlecry: If you control at least 2 minions, Adapt.",2,2,Ravasaur Runt,Common,Minion
617,0,2,Mage,"Battlecry: Reveal a spell in each deck. If yours costs more, draw it.",2,2,Raven Familiar,Common,Minion
618,0,2,Neutral,Battlecry: Add two random 1-Cost minions to your hand.,1,3,Ravencaller,Common,Minion
619,0,7,Neutral,Stealth,5,7,Ravenholdt Assassin,Rare,Minion
620,0,4,Warlock,Battlecry: Destroy a friendly minion to Adapt twice.,4,4,Ravenous Pterrordax,Common,Minion
621,0,2,Neutral,Battlecry: Summon a 1/1 Boar.,3,3,Razorfen Hunter,Free,Minion
622,0,2,Rogue,Battlecry: Add a Razorpetal to your hand that deals 1 damage.,2,2,Razorpetal Lasher,Common,Minion
623,0,0,Rogue,Add two Razorpetals to your hand that deal 1 damage.,0,2,Razorpetal Volley,Common,Spell
624,0,0,Paladin,Enemy spells cost (5) more next turn.,0,2,Rebuke,Common,Spell
625,0,0,Warrior,"Spend all your Armor.

Deal that much damage to all minions.",0,3,Reckless Flurry,Epic,Spell
626,0,5,Neutral,Charge,2,6,Reckless Rocketeer,Free,Minion
627,0,1,Warrior,"Rush

Has +3 Attack while damaged.",3,2,Redband Wasp,Rare,Minion
628,0,0,Paladin,"Secret: When one of your minions dies, return it to life with 1 Health.",0,1,Redemption,Common,Spell
629,0,0,Paladin,"Secret: When your opponent plays a minion, reduce its Health to 1.",0,1,Repentance,Common,Spell
630,2,4,Hunter,"Battlecry: If your deck has no minions, fill your hand with Hunter spells.",0,7,Rhok'delar,Legendary,Weapon
631,0,1,Paladin,"Taunt

Divine Shield",1,1,Righteous Protector,Common,Minion
632,0,3,Warlock,"Taunt

Deathrattle: Add 'The First Seal' to your hand.",6,6,"Rin, the First Disciple",Legendary,Minion
633,0,2,Neutral,,3,2,River Crocolisk,Free,Minion
634,0,0,Shaman,Give a friendly character +3 Attack this turn.,0,2,Rockbiter Weapon,Free,Spell
635,0,2,Neutral,Battlecry: Give a friendly Murloc +1/+1.,3,2,Rockpool Hunter,Common,Minion
636,0,0,Rogue,"Draw a card.

If it has Deathrattle, cast this again.",0,2,Roll the Bones,Rare,Spell
637,0,4,Warrior,"Whenever this minion survives damage, summon a random Legendary minion.",6,8,Rotface,Legendary,Minion
638,0,4,Neutral,"Taunt

Deathrattle: Restore 4 Health to your hero.",5,5,Rotten Applebaum,Common,Minion
639,0,1,Neutral,Battlecry: Return one of your destroyed weapons to your hand.,3,3,Rummaging Kobold,Epic,Minion
640,0,5,Rogue,"During your turn, your weapon doesn't lose Durability.",3,4,Runeforge Haunter,Rare,Minion
641,0,8,Neutral,Stealth,2,6,Sabretooth Stalker,Common,Minion
642,0,0,Warlock,Destroy a Demon. Restore 5 Health to your hero.,0,0,Sacrificial Pact,Free,Spell
643,0,2,Neutral,Battlecry: Draw an Elemental from your deck.,4,4,Sandbinder,Epic,Minion
644,0,1,Warlock,Battlecry: Destroy a friendly minion and gain +2/+2.,1,1,Sanguine Reveler,Common,Minion
645,0,0,Rogue,Return an enemy minion to your opponent's hand.,0,2,Sap,Free,Spell
646,0,2,Neutral,"Taunt

Battlecry: Summon a copy of this minion.",3,4,Saronite Chain Gang,Rare,Minion
647,0,5,Neutral,Deathrattle: Summon three 1/1 Murlocs.,7,7,Sated Threshadon,Common,Minion
648,0,0,Druid,Give your characters +2 Attack this turn.,0,3,Savage Roar,Free,Spell
649,0,0,Druid,Deal damage equal to your hero's Attack to a minion.,0,1,Savagery,Rare,Spell
650,0,6,Hunter,Deathrattle: Summon two 2/2 Hyenas.,5,6,Savannah Highmane,Rare,Minion
651,0,4,Neutral,"Battlecry: If you're holding a Dragon, gain +1 Attack and Rush.",4,4,Scaleworm,Rare,Minion
652,0,3,Neutral,Divine Shield,1,3,Scarlet Crusader,Common,Minion
653,0,2,Hunter,"Whenever a friendly Beast dies, gain +2/+1.",2,2,Scavenging Hyena,Common,Minion
654,0,1,Neutral,Battlecry: Destroy a minion with 1 or less Attack.,2,2,Scorp-o-matic,Rare,Minion
655,0,0,Warrior,Battlecry: Equip a 4/3 Shadowmourne that also damages adjacent minions.,0,8,Scourgelord Garrosh,Legendary,Hero
656,0,8,Neutral,Costs (1) less for each other minion on the battlefield.,8,10,Sea Giant,Epic,Minion
657,0,1,Neutral,"Whenever a Secret is played, gain +1/+1.",2,1,Secretkeeper,Rare,Minion
658,0,5,Hunter,Battlecry: Gain the Deathrattle of a random minion in your deck.,4,6,Seeping Oozeling,Rare,Minion
659,0,3,Neutral,Taunt,5,4,Sen'jin Shieldmasta,Free,Minion
660,0,0,Warlock,Put 2 random Demons from your deck into your hand.,0,3,Sense Demons,Common,Spell
661,0,4,Neutral,"Battlecry: If you played an Elemental last turn, Discover an Elemental.",5,5,Servant of Kalimos,Rare,Minion
662,0,1,Neutral,Battlecry: Summon a 2/3 Giant Rat.,1,3,Sewer Crawler,Common,Minion
663,0,2,Priest,"At the end of your turn, give another random friendly minion +1/+1.",2,2,Shadow Ascendant,Common,Minion
664,0,0,Warlock,Deal 4 damage to a minion.,0,3,Shadow Bolt,Free,Spell
665,0,0,Priest,Summon a 5/5 copy of a random minion in your deck.,0,6,Shadow Essence,Rare,Spell
666,0,0,Priest,Gain control of an enemy minion with 3 or less Attack until end of turn.,0,4,Shadow Madness,Rare,Spell
667,0,0,Priest,Discover a copy of a spell in your deck.,0,2,Shadow Visions,Epic,Spell
668,0,0,Priest,Destroy a minion with an Attack of 5 or more.,0,3,Shadow Word: Death,Free,Spell
669,0,0,Priest,Destroy a minion with 3 or less Attack.,0,2,Shadow Word: Pain,Free,Spell
670,2,3,Rogue,Battlecry: Your hero is Immune this turn.,0,3,Shadowblade,Rare,Weapon
671,0,0,Warlock,Destroy a friendly minion and deal its Attack damage to all enemy minions.,0,4,Shadowflame,Rare,Spell
672,0,0,Priest,Your Hero Power becomes 'Deal 2 damage'. If already in Shadowform: 3 damage.,0,3,Shadowform,Epic,Spell
673,0,0,Priest,Battlecry: Destroy all minions with 5 or more attack.,0,8,Shadowreaper Anduin,Legendary,Hero
674,0,0,Rogue,Return a friendly minion to your hand. It costs (2) less.,0,0,Shadowstep,Common,Spell
675,0,3,Neutral,Deathrattle: Add a random Deathrattle minion to your hand.,1,3,Shallow Gravedigger,Rare,Minion
676,0,3,Neutral,Battlecry: Give a friendly minion +1/+1.,2,3,Shattered Sun Cleric,Free,Minion
677,0,3,Druid,Choose One - Transform into a 5/3 with Stealth; or a 3/5 with Taunt.,3,4,Shellshifter,Rare,Minion
678,0,5,Rogue,Deathrattle: Go dormant. Play 4 cards in a turn to revive this minion.,3,4,"Sherazin, Corpse Flower",Legendary,Minion
679,0,0,Warrior,Gain 5 Armor. Draw a card.,0,3,Shield Block,Free,Spell
680,0,0,Warrior,Deal 1 damage to a minion for each Armor you have.,0,1,Shield Slam,Epic,Spell
681,0,0,Neutral,Taunt,4,1,Shieldbearer,Common,Minion
682,0,0,Mage,"Each turn this is in your hand, transform it into a random Mage spell.",0,0,Shifting Scroll,Common,Spell
683,0,3,Neutral,Only you can target this with spells and Hero Powers.,3,4,Shimmering Courser,Epic,Minion
684,0,2,Mage,Deathrattle: Add a random Mage spell to your hand.,1,2,Shimmering Tempest,Common,Minion
685,0,0,Rogue,Deal 1 damage. Draw a card.,0,2,Shiv,Free,Spell
686,0,1,Neutral,"At the end of your turn, summon a random 1-Cost minion.",2,3,Shrieking Shroom,Rare,Minion
687,0,4,Neutral,Battlecry: Restore 4 Health.,4,4,Shroom Brewer,Common,Minion
688,0,6,Shaman,Battlecry: Repeat all other Battlecries from cards you played this game (targets chosen randomly).,6,9,Shudderwock,Legendary,Minion
689,0,3,Rogue,Combo: Deal 2 damage.,3,3,SI:7 Agent,Rare,Minion
690,0,0,Priest,Silence a minion.,0,0,Silence,Common,Spell
691,0,4,Neutral,Battlecry: Summon a 2/2 Squire.,4,5,Silver Hand Knight,Common,Minion
692,4,3,Paladin,"After your hero attacks, give your minions +1/+1.",0,8,Silver Sword,Rare,Weapon
693,0,3,Neutral,Deathrattle: Recruit an 8-Cost minion.,3,7,Silver Vanguard,Common,Minion
694,0,1,Neutral,Taunt,4,3,Silverback Patriarch,Free,Minion
695,0,3,Neutral,Divine Shield,3,4,Silvermoon Guardian,Common,Minion
696,0,0,Mage,Copy the lowest Cost minion in your hand.,0,3,Simulacrum,Epic,Spell
697,0,8,Mage,Battlecry: Summon two 0/1 Frozen Champions.,8,8,Sindragosa,Legendary,Minion
698,0,0,Rogue,Deal 3 damage to the enemy hero.,0,1,Sinister Strike,Free,Spell
699,0,0,Warlock,Destroy a minion. Restore 3 Health to your hero.,0,6,Siphon Soul,Rare,Spell
700,0,2,Neutral,"Deathrattle: If it's your opponent's turn, summon an 8/8 Skeleton.",2,5,Skelemancer,Common,Minion
701,0,4,Neutral,Battlecry: Destroy all 1-Cost spells in both hands and decks.,6,6,Skulking Geist,Epic,Minion
702,3,0,Warlock,"At the start of your turn, summon a Demon from your hand.",0,5,Skull of the Man'ari,Legendary,Weapon
703,0,0,Warrior,"Deal 2 damage to a minion. If it survives, draw a card.",0,2,Slam,Common,Spell
704,0,4,Neutral,Taunt,12,9,Sleepy Dragon,Common,Minion
705,0,0,Hunter,"Secret: When one of your minions is attacked, summon three 1/1 Snakes.",0,2,Snake Trap,Epic,Spell
706,0,0,Mage,"Freeze a minion. If it's already Frozen, destroy it.",0,2,Snap Freeze,Common,Spell
707,0,2,Neutral,"Stealth

Your other minions have +1 Attack.",2,4,Sneaky Devil,Common,Minion
708,0,0,Hunter,"Secret: When your opponent plays a minion, deal 4 damage to it.",0,2,Snipe,Common,Spell
709,0,1,Neutral,,1,0,Snowflipper Penguin,Common,Minion
710,0,8,Shaman,Costs (1) less for each Mana Crystal you've Overloaded this game.,8,11,Snowfury Giant,Epic,Minion
711,0,2,Rogue,"After a friendly minion dies, add a 1/1 copy of it to your hand. It costs (1).",2,3,Sonya Shadowdancer,Legendary,Minion
712,0,3,Mage,Your spells cost (1) less.,2,2,Sorcerer's Apprentice,Common,Minion
713,0,0,Druid,"Give your minions ""Deathrattle: Summon a 2/2 Treant.""",0,4,Soul of the Forest,Common,Spell
714,0,0,Warlock,Deal 4 damage. Discard a random card.,0,1,Soulfire,Free,Spell
715,0,0,Paladin,"Echo

Give a minion +1/+2.",0,2,Sound the Bells!,Common,Spell
716,0,3,Neutral,Your other Pirates have +1/+1.,3,3,Southsea Captain,Epic,Minion
717,0,2,Neutral,Has Charge while you have a weapon equipped.,1,1,Southsea Deckhand,Common,Minion
718,2,2,Rogue,"Lifesteal

Whenever you play a card from another class, gain +1 Durability.",0,4,Spectral Cutlass,Epic,Weapon
719,0,5,Rogue,Combo: Deal damage equal to the number of other cards you've played this turn.,5,6,Spectral Pillager,Epic,Minion
720,0,0,Mage,"Secret: When an enemy casts a spell on a minion, summon a 1/3 as the new target.",0,3,Spellbender,Epic,Spell
721,0,4,Neutral,Battlecry: Silence a minion.,3,4,Spellbreaker,Common,Minion
722,0,1,Neutral,"Spell Damage +1

Each turn this is in your hand, swap its Attack and Health.",4,2,Spellshifter,Common,Minion
723,0,4,Neutral,Spell Damage +2,4,6,Spellweaver,Common,Minion
724,0,0,Paladin,"Give a minion +2/+6 and Taunt. When it dies, summon a Stegodon.",0,6,Spikeridged Steed,Rare,Spell
725,0,0,Shaman,"Give your minions ""Deathrattle: Return this to your hand.""",0,3,Spirit Echo,Epic,Spell
726,0,0,Priest,"Lifesteal

Deal 1 damage to all minions.",0,2,Spirit Lash,Common,Spell
727,0,3,Neutral,"After you summon a minion, trigger its Deathrattle effect.",4,4,Spiritsinger Umbra,Legendary,Minion
728,0,4,Neutral,Enrage: Your weapon has +2 Attack.,6,5,Spiteful Smith,Common,Minion
729,0,4,Neutral,Battlecry: Reveal a spell from your deck. Summon a random minion with the same Cost.,4,6,Spiteful Summoner,Epic,Minion
730,0,8,Druid,Battlecry: Choose a friendly minion. Add a 10/10 copy to your hand that costs (10).,8,8,Splintergraft,Legendary,Minion
731,0,4,Neutral,Deathrattle: Summon two 2/2 Splitting Saplings.,4,8,Splitting Festeroot,Epic,Minion
732,0,0,Druid,"Summon a 1/5 Scarab with Taunt. If your opponent has more minions, cast this again.",0,6,Spreading Plague,Rare,Spell
733,0,0,Rogue,Draw 4 cards.,0,7,Sprint,Free,Spell
734,0,2,Priest,"Echo

Battlecry: Restore 2 Health.",1,2,Squashling,Common,Minion
735,0,0,Hunter,"Each time you play a Beast this turn, add a random Beast to your hand.",0,1,Stampede,Epic,Spell
736,0,3,Neutral,Battlecry: Destroy a random enemy minion with 2 or less Attack.,5,5,Stampeding Kodo,Rare,Minion
737,0,0,Druid,Choose One - Deal 5 damage to a minion; or 2 damage to all enemy minions.,0,5,Starfall,Rare,Spell
738,0,0,Druid,Deal 5 damage. Draw a card.,0,6,Starfire,Free,Spell
739,0,3,Hunter,"Whenever you summon a Beast, draw a card.",2,5,Starving Buzzard,Free,Minion
740,0,5,Mage,"Battlecry: If you played an Elemental last turn, add a 'Flame Geyeser' to your hand.",4,4,Steam Surger,Rare,Minion
741,0,2,Neutral,Taunt,6,4,Stegodon,Common,Minion
742,0,2,Hunter,Battlecry: Discover a copy of a minion in your deck.,2,3,Stitched Tracker,Common,Minion
743,0,4,Shaman,"Battlecry: If you played an Elemental last turn, summon two 2/3 Elementals with Taunt.",4,7,Stone Sentinel,Epic,Minion
744,0,1,Neutral,"Taunt

Battlecry: Discover a Taunt minion.",4,3,Stonehill Defender,Rare,Minion
745,0,1,Neutral,"Divine Shield

Poisonous",1,3,Stoneskin Basilisk,Common,Minion
746,0,1,Neutral,Charge,1,1,Stonetusk Boar,Free,Minion
747,3,2,Shaman,Overload: (1),0,2,Stormforged Axe,Common,Weapon
748,0,4,Neutral,Battlecry: Deal 2 damage.,2,5,Stormpike Commando,Free,Minion
749,0,4,Neutral,Windfury,8,7,Stormwatcher,Common,Minion
750,0,6,Neutral,Your other minions have +1/+1.,6,7,Stormwind Champion,Free,Minion
751,0,2,Neutral,Charge,5,4,Stormwind Knight,Free,Minion
752,0,5,Neutral,Stealth,5,5,Stranglethorn Tiger,Common,Minion
753,0,2,Druid,Battlecry: Give your Taunt minions +2/+2.,3,4,Strongshell Scavenger,Rare,Minion
754,0,1,Neutral,"Taunt

Poisonous",2,2,Stubborn Gastropod,Common,Minion
755,0,4,Warlock,Battlecry: Discard a random card.,3,2,Succubus,Free,Minion
756,0,0,Rogue,"Secret: When a minion attacks your hero, instead it attacks one of its neighbors.",0,2,Sudden Betrayal,Common,Spell
757,0,0,Warrior,Summon copies of your damaged minions.,0,5,Sudden Genesis,Epic,Spell
758,0,0,Warlock,"Your minions cost (2) less, but not less than (1).",4,4,Summoning Portal,Common,Minion
759,0,5,Neutral,Battlecry: Give adjacent minions +2 Health.,4,5,Sunborne Val'kyr,Common,Minion
760,0,2,Neutral,Battlecry: Give adjacent minions Taunt.,3,2,Sunfury Protector,Rare,Minion
761,0,3,Paladin,"Taunt

Battlecry: Set all other minions' Attack and Health to 3.",7,6,Sunkeeper Tarim,Legendary,Minion
762,0,4,Neutral,Taunt. Divine Shield,5,6,Sunwalker,Rare,Minion
763,0,0,Neutral,Deathrattle: Add a random Dragon to your hand.,3,1,Swamp Dragon Egg,Common,Minion
764,0,9,Hunter,"After your opponent plays a minion, attack it.",9,7,Swamp King Dred,Legendary,Minion
765,0,2,Neutral,Lifesteal,1,1,Swamp Leech,Common,Minion
766,0,2,Neutral,"Rush

Each turn this is in your hand, swap its Attack and Health.",6,4,Swift Messenger,Common,Minion
767,0,0,Druid,Deal 4 damage to an enemy and 1 damage to all other enemies.,0,4,Swipe,Free,Spell
768,5,1,Paladin,"Whenever you summon a minion, give it +1/+1 and this loses 1 Durability.",0,3,Sword of Justice,Epic,Weapon
769,0,1,Neutral,"Divine Shield

Spell Damage +1",1,2,Tainted Zealot,Common,Minion
770,0,3,Neutral,Battlecry: Add a random 2-Cost minion to each player's hand.,4,3,Tanglefur Mystic,Common,Minion
771,0,1,Neutral,"Taunt

Has +2 Attack during your opponent's turn.",5,3,Tar Creeper,Common,Minion
772,0,1,Warrior,"Taunt

Has +4 Attack during your opponent's turn.",11,7,Tar Lord,Common,Minion
773,0,1,Warlock,"Taunt

Has +3 Attack during your opponent's turn.",7,5,Tar Lurker,Common,Minion
774,0,2,Neutral,Taunt. Enrage: +3 Attack,3,3,Tauren Warrior,Common,Minion
775,0,6,Priest,Battlecry: Give a friendly minion +3 Health.,6,6,Temple Enforcer,Common,Minion
776,0,6,Priest,Battlecry: Your opponent takes two turns. then you take two turns.,6,7,Temporus,Legendary,Minion
777,0,3,Hunter,Battlecry: Trigger a friendly minion's Deathrattle.,3,3,Terrorscale Stalker,Rare,Minion
778,0,6,Rogue,Battlecry: Replay every card from another class you've played this game (targets chosen randomly).,6,8,Tess Greymane,Legendary,Minion
779,0,9,Neutral,Deathrattle: Summon a 3/3 Finkle Einhorn for your opponent.,7,6,The Beast,Legendary,Minion
780,0,4,Neutral,Battlecry: Destroy an enemy minion with Taunt.,5,6,The Black Knight,Legendary,Minion
781,0,0,Rogue,"Quest: Play five minions with the same name.

Reward: Crystal Core.",0,1,The Caverns Below,Legendary,Spell
782,0,20,Neutral,"Starts dormant.

Battlecry: Shuffle 3 Candles into the enemy deck. When drawn, this awakens.",20,4,The Darkness,Legendary,Minion
783,0,4,Paladin,"Divine Shield

Whenever you restore Health, gain Divine Shield.",3,4,The Glass Knight,Legendary,Minion
784,0,0,Paladin,"Quest: Cast 6 spells on your minions.
Reward: Galvadon.",0,1,The Last Kaleidosaur,Legendary,Spell
785,0,8,Neutral,"Taunt

At the end of your turn, add a random Death Knight card to your hand.",8,8,The Lich King,Legendary,Minion
786,0,0,Hunter,"Quest: Play seven 1-Cost minions.

Reward: Queen Carnassa.",0,1,The Marsh Queen,Legendary,Spell
787,3,3,Shaman,"After your hero attacks, Discover a spell and cast it with random targets.",0,8,The Runespear,Legendary,Weapon
788,0,3,Neutral,"After you cast a spell on this minion, summon a 1/1 Plant and cast another copy on it.",3,4,The Voraxx,Legendary,Minion
789,0,0,Priest,Copy 2 cards from your opponent's deck and put them into your hand.,0,3,Thoughtsteal,Common,Spell
790,0,0,Shaman,Battlecry: Transform your minions into random ones that cost (2) more.,0,5,"Thrall, Deathseer",Legendary,Hero
791,0,2,Neutral,Windfury,3,3,Thrallmar Farseer,Common,Minion
792,0,3,Neutral,"Battlecry: If you played an Elemental Last turn, Adapt.",3,3,Thunder Lizard,Common,Minion
793,0,5,Neutral,Deathrattle: Deal 5 damage to your minions.,6,4,Ticking Abomination,Rare,Minion
794,0,0,Shaman,Deal 4 damage to a minion. Restore 4 health to your hero.,0,4,Tidal Surge,Common,Spell
795,0,1,Hunter,Your other Beasts have +1 Attack.,1,1,Timber Wolf,Free,Minion
796,0,3,Neutral,Battlecry: Transform another random minion into a 5/5 Devilsaur or a 1/1 Squirrel.,3,3,Tinkmaster Overspark,Legendary,Minion
797,0,6,Paladin,Divine Shield. Taunt. Deathrattle: Equip a 5/3 Ashbringer.,6,8,Tirion Fordring,Legendary,Minion
798,0,0,Hunter,"Summon an Animal Companion, or 2 if your deck has no minions.",0,6,To My Side!,Epic,Spell
799,0,5,Mage,Battlecry: Add a random Legendary minion from the past to your hand.,5,6,"Toki, Time-Tinker",Legendary,Minion
800,0,3,Neutral,"Battlecry: If you played an Elemental last turn, gain Taunt and Divine Shield.",5,4,Tol'vir Stoneshaper,Rare,Minion
801,0,3,Hunter,Battlecry: Draw two 1-Cost minions from your deck.,5,5,Tol'vir Warden,Rare,Minion
802,0,5,Neutral,Battlecry: Add a random Deathrattle minion that died this game to your hand.,3,5,Tomb Lurker,Epic,Minion
803,0,0,Neutral,"At the start of your turn, set this minon's Attack to 4.",4,3,Toothy Chest,Common,Minion
804,0,2,Druid,Battlecry: Add a random minion with 5 or more Attack to your hand.,2,2,Tortollan Forager,Common,Minion
805,0,5,Neutral,Battlecry: Discover a spell and cast it with random targets.,4,8,Tortollan Primalist,Epic,Minion
806,0,2,Priest,"Taunt

Deathrattle: Give a random friendly minion +1/+1.",6,4,Tortollan Shellraiser,Common,Minion
807,0,2,Shaman,"Taunt

Battlecry: Destroy your totems. Gain +2/+2 for each destroyed.",3,4,Totem Cruncher,Epic,Minion
808,0,0,Shaman,Give your Totems +2 Health.,0,0,Totemic Might,Free,Spell
809,0,1,Warrior,Battlecry: Draw a Rush minion from your deck.,2,1,Town Crier,Epic,Minion
810,0,0,Hunter,"Deal 2 damage to a minion. If it survives, give it Poisonous.",0,2,Toxic Arrow,Epic,Spell
811,0,2,Hunter,"Whenever you play a minion that costs (1), give it Poisonous.",4,4,Toxmonger,Epic,Minion
812,0,0,Hunter,Look at the top three cards of your deck. Draw one and discard the others.,0,1,Tracking,Free,Spell
813,0,0,Warlock,Choose a friendly minion and give it to your opponent.,0,3,Treachery,Epic,Spell
814,0,1,Neutral,"Taunt

Poisonous",5,5,Trogg Gloomeater,Common,Minion
815,2,4,Paladin,"Whenever your hero attacks, restore 2 Health to it.",0,4,Truesilver Champion,Free,Weapon
816,0,2,Hunter,Your Beasts have Charge.,5,5,Tundra Rhino,Free,Minion
817,0,2,Neutral,Battlecry: Give a friendly minion Spell Damage +1.,3,2,Tuskarr Fisherman,Common,Minion
818,5,1,Druid,Deathrattle: Gain 10 Mana Crystals.,0,4,Twig of the World Tree,Legendary,Weapon
819,0,2,Priest,"Battlecry: If you're holding a Dragon, swap this minion's Attack with another minion's.",4,3,Twilight Acolyte,Epic,Minion
820,0,4,Neutral,Battlecry: Gain +1 Health for each card in your hand.,1,4,Twilight Drake,Rare,Minion
821,0,0,Priest,Summon 1/1 copies of 2 friendly Deathrattle minions that died this game.,0,3,Twilight's Call,Rare,Spell
822,0,0,Warlock,Destroy all minions.,0,8,Twisting Nether,Epic,Spell
823,0,12,Druid,Can't be targeted by spells or Hero Powers.,12,10,Tyrantus,Legendary,Minion
824,0,0,Druid,Deal 5 damage. Draw 5 cards. Gain 5 Armor. Summon a 5/5 Ghoul.,0,10,Ultimate Infestation,Epic,Spell
825,0,7,Neutral,,14,10,Ultrasaur,Common,Minion
826,0,2,Shaman,"Whenever you play a card with Overload, gain +1/+1.",4,3,Unbound Elemental,Common,Minion
827,0,0,Priest,Give a minion +2/+2. Gains a bonus effect in your hand.,0,3,Unidentified Elixir,Common,Spell
828,2,2,Paladin,Gains a bonus effect in your hand.,0,3,Unidentified Maul,Rare,Weapon
829,0,0,Warrior,"Gain 5 Armor.

Gains a bonus effect in your hand.",0,6,Unidentified Shield,Common,Spell
830,0,0,Shaman,"Quest: Summon 10 Murlocs.

Reward: Megafin.",0,1,Unite the Murlocs,Legendary,Spell
831,0,0,Hunter,"For each enemy minion, summon a 1/1 Hound with Charge.",0,3,Unleash the Hounds,Common,Spell
832,0,0,Neutral,Taunt,9,4,Unpowered Steambot,Common,Minion
833,0,0,Shaman,Transform a friendly minion into one that costs (1) more. Repeatable this turn.,0,1,Unstable Evolution,Epic,Spell
834,0,0,Warlock,Choose a friendly minion. Destroy it and a random enemy minion.,0,3,Unwilling Sacrifice,Rare,Spell
835,0,0,Warrior,"If you have a weapon, give it +1/+1. Otherwise equip a 1/3 weapon.",0,1,Upgrade!,Rare,Spell
836,0,0,Paladin,Battlecry: Equip a 5/3 Lifesteal weapon.,0,9,Uther of the Ebon Blade,Legendary,Hero
837,2,4,Paladin,"Deathrattle: Give a minion in your hand +4/+2. When it dies, reequip this.",0,6,Val'anyr,Legendary,Weapon
838,0,0,Rogue,Battlecry: Gain Stealth until your next turn.,0,9,Valeera the Hollow,Legendary,Hero
839,0,1,Warrior,"Whenever this minion survives damage, summon a 2/2 Ghoul.",4,3,Val'kyr Soulclaimer,Rare,Minion
840,0,0,Rogue,Return all minions to their owner's hand.,0,6,Vanish,Free,Spell
841,0,0,Mage,"Secret: When a minion attacks your hero, destroy it.",0,3,Vaporize,Rare,Spell
842,0,2,Neutral,Poisonous,5,5,Venomancer,Common,Minion
843,0,0,Hunter,"Secret: When one of your minions is attack, summon a 2/3 Poisonous Cobra.",0,2,Venomstrike Trap,Rare,Spell
844,0,7,Neutral,Your minions cost (3) more.,6,5,Venture Co. Mercenary,Common,Minion
845,0,5,Druid,Battlecry: Adapt.,4,5,Verdant Longneck,Common,Minion
846,0,3,Mage,"Whenever you cast a spell, summon a random 2-Cost minion.",3,4,Vex Crow,Common,Minion
847,0,3,Neutral,"After this minion attacks a hero, Adapt.",3,3,Vicious Fledgling,Rare,Minion
848,0,1,Neutral,"Lifesteal

Rush",3,2,Vicious Scalehide,Common,Minion
849,0,1,Hunter,"Poisonous

Rush",3,5,Vilebrood Skitterer,Common,Minion
850,0,3,Rogue,Combo: Destroy a minion.,4,5,Vilespine Slayer,Epic,Minion
851,3,4,Paladin,"After you attack, summon two 1/1 Silver Hand Recruits.",0,7,Vinecleaver,Rare,Weapon
852,0,3,Neutral,"Whenever you cast a spell, summon a 1/1 Violet Apprentice.",5,4,Violet Teacher,Rare,Minion
853,0,7,Neutral,Deathrattle: Summon seven 1/1 Grubs.,7,8,Violet Wurm,Common,Minion
854,0,0,Priest,"Choose a friendly minion.

Summon a copy of it with 1 Health remaining.",0,3,Vivid Nightmare,Epic,Spell
855,0,3,Neutral,Battlecry: Swap the Attack and Health of all other minions.,3,3,Void Ripper,Epic,Minion
856,0,3,Warlock,Battlecry: Destroy the minions on either side of this minion and gain their Attack and Health.,3,3,Void Terror,Rare,Minion
857,0,3,Warlock,"Taunt

Deathrattle: Summon three 1/3 Demons with Taunt.",9,9,Voidlord,Epic,Minion
858,0,1,Warlock,Taunt,3,1,Voidwalker,Free,Minion
859,0,1,Neutral,Deathrattle: Deal 3 damage to a random enemy minion.,1,2,Volatile Elemental,Common,Minion
860,0,0,Shaman,"Deal 15 damage randomly split among all minions.

Overload: (2)",0,5,Volcano,Rare,Spell
861,0,5,Neutral,"Battlecry: Adapt, then Adapt.",6,7,Volcanosaur,Rare,Minion
862,0,2,Neutral,Battlecry: Restore 2 Health.,1,1,Voodoo Doctor,Free,Minion
863,0,1,Neutral,"Battlecry: Choose a minion.

Deathrattle: Destroy the chosen minion.",1,3,Voodoo Doll,Epic,Minion
864,0,2,Shaman,"Taunt

Freeze any character damaged by this minion.",7,5,Voodoo Hexxer,Rare,Minion
865,0,3,Neutral,"Deathrattle: If it's your opponent's turn, summon a 2/2 Ghoul.",1,3,Vryghoul,Common,Minion
866,0,2,Warlock,"Taunt

Battlecry: Deal 2 damage to your hero.",4,2,Vulgar Homunculus,Common,Minion
867,0,3,Neutral,Echo,3,3,Walnut Sprite,Common,Minion
868,0,0,Hunter,"Secret: When an enemy attacks your hero, summon a 3-Cost minion as the new target.",0,2,Wandering Monster,Rare,Spell
869,0,0,Rogue,"Deal 3 damage to a minion. If that kills it, add a Coin to your hand.",0,4,WANTED!,Epic,Spell
870,0,7,Neutral,,7,7,War Golem,Free,Minion
871,0,0,Warrior,"Echo

Deal 1 damage to all minions.",0,2,Warpath,Common,Spell
872,0,2,Warrior,Your Charge minions have +1 Attack.,3,3,Warsong Commander,Free,Minion
873,0,3,Mage,Freeze any character damaged by this minion.,6,4,Water Elemental,Free,Minion
874,0,0,Neutral,"Taunt

Divine Shield",2,1,Wax Elemental,Common,Minion
875,0,0,Druid,Summon two 1/2 Poisonous Spiders.,0,5,Webweave,Common,Spell
876,0,0,Warrior,Deal 1 damage to ALL minions.,0,1,Whirlwind,Free,Spell
877,0,1,Neutral,Battlecry: Gain +1/+1 for each minion that died this turn.,1,4,Wicked Skeleton,Common,Minion
878,0,0,Druid,Gain an empty Mana Crystal.,0,2,Wild Growth,Free,Spell
879,0,3,Neutral,"After you cast a spell, deal 1 damage to ALL minions.",2,2,Wild Pyromancer,Rare,Minion
880,0,0,Shaman,Give a minion Windfury.,0,2,Windfury,Free,Spell
881,0,4,Neutral,Windfury,5,6,Windfury Harpy,Common,Minion
882,0,5,Shaman,"Battlecry: If you control all 4 basic Totems, summon Al'Akir the Windlord.",5,5,Windshear Stormcaller,Epic,Minion
883,0,3,Shaman,Battlecry: Give a friendly minion Windfury.,3,4,Windspeaker,Free,Minion
884,0,0,Hunter,"Deal 4 damage to a minion. If a minion died this turn, this costs (1).",0,4,Wing Blast,Rare,Spell
885,0,1,Neutral,,1,0,Wisp,Common,Minion
886,0,0,Druid,Summon a 1/1 Wisp for each card in your hand.,0,4,Wispering Woods,Epic,Spell
887,0,0,Druid,Summon a random friendly Beast that died this game.,0,3,Witching Hour,Rare,Spell
888,0,0,Shaman,"Taunt

Battlecry: Add a random Shaman spell to your hand.",1,1,Witch's Apprentice,Common,Minion
889,0,0,Neutral,"After a friendly minion dies, add a random Shaman spell to your hand.",4,3,Witch's Cauldron,Epic,Minion
890,0,0,Druid,Add three 2/2 Treants to your hand.,0,2,Witchwood Apple,Common,Spell
891,0,3,Neutral,"Taunt

Battlecry: Lost 1 Health for each card in your opponent's hand.",12,5,Witchwood Grizzly,Rare,Minion
892,0,1,Warlock,"Stealth

Deathrattle: Give a random friendly minion +2 Health.",1,1,Witchwood Imp,Common,Minion
893,0,3,Neutral,Battlecry: Draw the lowest cost minion in your deck.,3,4,Witchwood Piper,Rare,Minion
894,3,3,Warrior,"After your hero attacks, Recruit a minion.",0,8,Woecleaver,Legendary,Weapon
895,0,3,Neutral,Charge,1,3,Wolfrider,Free,Minion
896,2,2,Warrior,Deathrattle: Give a random friendly minion with Rush +2/+1.,0,2,Woodcutter's Axe,Common,Weapon
897,0,6,Neutral,"At the end of your turn, deal 2 damage to all other damaged minions.",6,7,Worgen Abomination,Epic,Minion
898,0,2,Neutral,Stealth,1,1,Worgen Infiltrator,Common,Minion
899,0,0,Druid,Choose One - Deal 3 damage to a minion; or 1 damage and draw a card.,0,2,Wrath,Common,Spell
900,0,1,Neutral,"Whenever this minion attacks, deal 2 damage to the enemy hero.",1,1,Wretched Tiller,Common,Minion
901,0,3,Neutral,"Battlecry: If you're holding a Dragon, gain +1 Attack and Taunt.",11,7,Wyrmguard,Common,Minion
902,0,1,Neutral,Windfury,1,1,Young Dragonhawk,Common,Minion
903,0,2,Neutral,"At the end of your turn, give another random friendly minion +1 Health.",1,1,Young Priestess,Rare,Minion
904,0,3,Neutral,Battlecry: Return a friendly minion from the battlefield to your hand.,2,2,Youthful Brewmaster,Common,Minion
905,0,4,Neutral,"At the end of your turn, draw a Dream Card.",12,9,Ysera,Legendary,Minion
906,0,0,Shaman,Deal 2 damage to a minion. Overload: (1),0,0,Zap!,Common,Spell
907,0,2,Neutral,Battlecry: Choose a friendly minion. Add a Golden copy of it to your hand.,2,3,Zola the Gorgon,Legendary,Minion
